file,family,group,model,drift_type,length,concept_length,drift_points,gradual_transition_length,concepts
linear_linear1_ar4_abrupt_01.csv,linear,linear1_ar4,ar,abrupt,12000,3000,"[3000, 6000, 9000]",0,"[{""parameters"": [0.9, -0.2, 0.8, -0.5], ""sigma2"": 0.5}, {""parameters"": [-0.3, 1.4, 0.4, -0.5], ""sigma2"": 1.5}, {""parameters"": [1.5, -0.4, -0.3, 0.2], ""sigma2"": 2.5}, {""parameters"": [-0.1, 1.4, 0.4, -0.7], ""sigma2"": 3.5}]"
linear_linear1_ar4_abrupt_02.csv,linear,linear1_ar4,ar,abrupt,12000,3000,"[3000, 6000, 9000]",0,"[{""parameters"": [0.9, -0.2, 0.8, -0.5], ""sigma2"": 0.5}, {""parameters"": [-0.3, 1.4, 0.4, -0.5], ""sigma2"": 1.5}, {""parameters"": [1.5, -0.4, -0.3, 0.2], ""sigma2"": 2.5}, {""parameters"": [-0.1, 1.4, 0.4, -0.7], ""sigma2"": 3.5}]"
linear_linear1_ar4_abrupt_03.csv,linear,linear1_ar4,ar,abrupt,12000,3000,"[3000, 6000, 9000]",0,"[{""parameters"": [0.9, -0.2, 0.8, -0.5], ""sigma2"": 0.5}, {""parameters"": [-0.3, 1.4, 0.4, -0.5], ""sigma2"": 1.5}, {""parameters"": [1.5, -0.4, -0.3, 0.2], ""sigma2"": 2.5}, {""parameters"": [-0.1, 1.4, 0.4, -0.7], ""sigma2"": 3.5}]"
linear_linear1_ar4_abrupt_04.csv,linear,linear1_ar4,ar,abrupt,12000,3000,"[3000, 6000, 9000]",0,"[{""parameters"": [0.9, -0.2, 0.8, -0.5], ""sigma2"": 0.5}, {""parameters"": [-0.3, 1.4, 0.4, -0.5], ""sigma2"": 1.5}, {""parameters"": [1.5, -0.4, -0.3, 0.2], ""sigma2"": 2.5}, {""parameters"": [-0.1, 1.4, 0.4, -0.7], ""sigma2"": 3.5}]"
linear_linear1_ar4_abrupt_05.csv,linear,linear1_ar4,ar,abrupt,12000,3000,"[3000, 6000, 9000]",0,"[{""parameters"": [0.9, -0.2, 0.8, -0.5], ""sigma2"": 0.5}, {""parameters"": [-0.3, 1.4, 0.4, -0.5], ""sigma2"": 1.5}, {""parameters"": [1.5, -0.4, -0.3, 0.2], ""sigma2"": 2.5}, {""parameters"": [-0.1, 1.4, 0.4, -0.7], ""sigma2"": 3.5}]"
linear_linear1_ar4_abrupt_06.csv,linear,linear1_ar4,ar,abrupt,12000,3000,"[3000, 6000, 9000]",0,"[{""parameters"": [0.9, -0.2, 0.8, -0.5], ""sigma2"": 0.5}, {""parameters"": [-0.3, 1.4, 0.4, -0.5], ""sigma2"": 1.5}, {""parameters"": [1.5, -0.4, -0.3, 0.2], ""sigma2"": 2.5}, {""parameters"": [-0.1, 1.4, 0.4, -0.7], ""sigma2"": 3.5}]"
linear_linear1_ar4_abrupt_07.csv,linear,linear1_ar4,ar,abrupt,12000,3000,"[3000, 6000, 9000]",0,"[{""parameters"": [0.9, -0.2, 0.8, -0.5], ""sigma2"": 0.5}, {""parameters"": [-0.3, 1.4, 0.4, -0.5], ""sigma2"": 1.5}, {""parameters"": [1.5, -0.4, -0.3, 0.2], ""sigma2"": 2.5}, {""parameters"": [-0.1, 1.4, 0.4, -0.7], ""sigma2"": 3.5}]"
linear_linear1_ar4_abrupt_08.csv,linear,linear1_ar4,ar,abrupt,12000,3000,"[3000, 6000, 9000]",0,"[{""parameters"": [0.9, -0.2, 0.8, -0.5], ""sigma2"": 0.5}, {""parameters"": [-0.3, 1.4, 0.4, -0.5], ""sigma2"": 1.5}, {""parameters"": [1.5, -0.4, -0.3, 0.2], ""sigma2"": 2.5}, {""parameters"": [-0.1, 1.4, 0.4, -0.7], ""sigma2"": 3.5}]"
linear_linear1_ar4_abrupt_09.csv,linear,linear1_ar4,ar,abrupt,12000,3000,"[3000, 6000, 9000]",0,"[{""parameters"": [0.9, -0.2, 0.8, -0.5], ""sigma2"": 0.5}, {""parameters"": [-0.3, 1.4, 0.4, -0.5], ""sigma2"": 1.5}, {""parameters"": [1.5, -0.4, -0.3, 0.2], ""sigma2"": 2.5}, {""parameters"": [-0.1, 1.4, 0.4, -0.7], ""sigma2"": 3.5}]"
linear_linear1_ar4_abrupt_10.csv,linear,linear1_ar4,ar,abrupt,12000,3000,"[3000, 6000, 9000]",0,"[{""parameters"": [0.9, -0.2, 0.8, -0.5], ""sigma2"": 0.5}, {""parameters"": [-0.3, 1.4, 0.4, -0.5], ""sigma2"": 1.5}, {""parameters"": [1.5, -0.4, -0.3, 0.2], ""sigma2"": 2.5}, {""parameters"": [-0.1, 1.4, 0.4, -0.7], ""sigma2"": 3.5}]"
linear_linear1_ar4_abrupt_11.csv,linear,linear1_ar4,ar,abrupt,12000,3000,"[3000, 6000, 9000]",0,"[{""parameters"": [0.9, -0.2, 0.8, -0.5], ""sigma2"": 0.5}, {""parameters"": [-0.3, 1.4, 0.4, -0.5], ""sigma2"": 1.5}, {""parameters"": [1.5, -0.4, -0.3, 0.2], ""sigma2"": 2.5}, {""parameters"": [-0.1, 1.4, 0.4, -0.7], ""sigma2"": 3.5}]"
linear_linear1_ar4_abrupt_12.csv,linear,linear1_ar4,ar,abrupt,12000,3000,"[3000, 6000, 9000]",0,"[{""parameters"": [0.9, -0.2, 0.8, -0.5], ""sigma2"": 0.5}, {""parameters"": [-0.3, 1.4, 0.4, -0.5], ""sigma2"": 1.5}, {""parameters"": [1.5, -0.4, -0.3, 0.2], ""sigma2"": 2.5}, {""parameters"": [-0.1, 1.4, 0.4, -0.7], ""sigma2"": 3.5}]"
linear_linear1_ar4_abrupt_13.csv,linear,linear1_ar4,ar,abrupt,12000,3000,"[3000, 6000, 9000]",0,"[{""parameters"": [0.9, -0.2, 0.8, -0.5], ""sigma2"": 0.5}, {""parameters"": [-0.3, 1.4, 0.4, -0.5], ""sigma2"": 1.5}, {""parameters"": [1.5, -0.4, -0.3, 0.2], ""sigma2"": 2.5}, {""parameters"": [-0.1, 1.4, 0.4, -0.7], ""sigma2"": 3.5}]"
linear_linear1_ar4_abrupt_14.csv,linear,linear1_ar4,ar,abrupt,12000,3000,"[3000, 6000, 9000]",0,"[{""parameters"": [0.9, -0.2, 0.8, -0.5], ""sigma2"": 0.5}, {""parameters"": [-0.3, 1.4, 0.4, -0.5], ""sigma2"": 1.5}, {""parameters"": [1.5, -0.4, -0.3, 0.2], ""sigma2"": 2.5}, {""parameters"": [-0.1, 1.4, 0.4, -0.7], ""sigma2"": 3.5}]"
linear_linear1_ar4_abrupt_15.csv,linear,linear1_ar4,ar,abrupt,12000,3000,"[3000, 6000, 9000]",0,"[{""parameters"": [0.9, -0.2, 0.8, -0.5], ""sigma2"": 0.5}, {""parameters"": [-0.3, 1.4, 0.4, -0.5], ""sigma2"": 1.5}, {""parameters"": [1.5, -0.4, -0.3, 0.2], ""sigma2"": 2.5}, {""parameters"": [-0.1, 1.4, 0.4, -0.7], ""sigma2"": 3.5}]"
linear_linear1_ar4_abrupt_16.csv,linear,linear1_ar4,ar,abrupt,12000,3000,"[3000, 6000, 9000]",0,"[{""parameters"": [0.9, -0.2, 0.8, -0.5], ""sigma2"": 0.5}, {""parameters"": [-0.3, 1.4, 0.4, -0.5], ""sigma2"": 1.5}, {""parameters"": [1.5, -0.4, -0.3, 0.2], ""sigma2"": 2.5}, {""parameters"": [-0.1, 1.4, 0.4, -0.7], ""sigma2"": 3.5}]"
linear_linear1_ar4_abrupt_17.csv,linear,linear1_ar4,ar,abrupt,12000,3000,"[3000, 6000, 9000]",0,"[{""parameters"": [0.9, -0.2, 0.8, -0.5], ""sigma2"": 0.5}, {""parameters"": [-0.3, 1.4, 0.4, -0.5], ""sigma2"": 1.5}, {""parameters"": [1.5, -0.4, -0.3, 0.2], ""sigma2"": 2.5}, {""parameters"": [-0.1, 1.4, 0.4, -0.7], ""sigma2"": 3.5}]"
linear_linear1_ar4_abrupt_18.csv,linear,linear1_ar4,ar,abrupt,12000,3000,"[3000, 6000, 9000]",0,"[{""parameters"": [0.9, -0.2, 0.8, -0.5], ""sigma2"": 0.5}, {""parameters"": [-0.3, 1.4, 0.4, -0.5], ""sigma2"": 1.5}, {""parameters"": [1.5, -0.4, -0.3, 0.2], ""sigma2"": 2.5}, {""parameters"": [-0.1, 1.4, 0.4, -0.7], ""sigma2"": 3.5}]"
linear_linear1_ar4_abrupt_19.csv,linear,linear1_ar4,ar,abrupt,12000,3000,"[3000, 6000, 9000]",0,"[{""parameters"": [0.9, -0.2, 0.8, -0.5], ""sigma2"": 0.5}, {""parameters"": [-0.3, 1.4, 0.4, -0.5], ""sigma2"": 1.5}, {""parameters"": [1.5, -0.4, -0.3, 0.2], ""sigma2"": 2.5}, {""parameters"": [-0.1, 1.4, 0.4, -0.7], ""sigma2"": 3.5}]"
linear_linear1_ar4_abrupt_20.csv,linear,linear1_ar4,ar,abrupt,12000,3000,"[3000, 6000, 9000]",0,"[{""parameters"": [0.9, -0.2, 0.8, -0.5], ""sigma2"": 0.5}, {""parameters"": [-0.3, 1.4, 0.4, -0.5], ""sigma2"": 1.5}, {""parameters"": [1.5, -0.4, -0.3, 0.2], ""sigma2"": 2.5}, {""parameters"": [-0.1, 1.4, 0.4, -0.7], ""sigma2"": 3.5}]"
linear_linear1_ar4_gradual_01.csv,linear,linear1_ar4,ar,gradual,12000,3000,"[3000, 6000, 9000]",300,"[{""parameters"": [0.9, -0.2, 0.8, -0.5], ""sigma2"": 0.5}, {""parameters"": [-0.3, 1.4, 0.4, -0.5], ""sigma2"": 1.5}, {""parameters"": [1.5, -0.4, -0.3, 0.2], ""sigma2"": 2.5}, {""parameters"": [-0.1, 1.4, 0.4, -0.7], ""sigma2"": 3.5}]"
linear_linear1_ar4_gradual_02.csv,linear,linear1_ar4,ar,gradual,12000,3000,"[3000, 6000, 9000]",300,"[{""parameters"": [0.9, -0.2, 0.8, -0.5], ""sigma2"": 0.5}, {""parameters"": [-0.3, 1.4, 0.4, -0.5], ""sigma2"": 1.5}, {""parameters"": [1.5, -0.4, -0.3, 0.2], ""sigma2"": 2.5}, {""parameters"": [-0.1, 1.4, 0.4, -0.7], ""sigma2"": 3.5}]"
linear_linear1_ar4_gradual_03.csv,linear,linear1_ar4,ar,gradual,12000,3000,"[3000, 6000, 9000]",300,"[{""parameters"": [0.9, -0.2, 0.8, -0.5], ""sigma2"": 0.5}, {""parameters"": [-0.3, 1.4, 0.4, -0.5], ""sigma2"": 1.5}, {""parameters"": [1.5, -0.4, -0.3, 0.2], ""sigma2"": 2.5}, {""parameters"": [-0.1, 1.4, 0.4, -0.7], ""sigma2"": 3.5}]"
linear_linear1_ar4_gradual_04.csv,linear,linear1_ar4,ar,gradual,12000,3000,"[3000, 6000, 9000]",300,"[{""parameters"": [0.9, -0.2, 0.8, -0.5], ""sigma2"": 0.5}, {""parameters"": [-0.3, 1.4, 0.4, -0.5], ""sigma2"": 1.5}, {""parameters"": [1.5, -0.4, -0.3, 0.2], ""sigma2"": 2.5}, {""parameters"": [-0.1, 1.4, 0.4, -0.7], ""sigma2"": 3.5}]"
linear_linear1_ar4_gradual_05.csv,linear,linear1_ar4,ar,gradual,12000,3000,"[3000, 6000, 9000]",300,"[{""parameters"": [0.9, -0.2, 0.8, -0.5], ""sigma2"": 0.5}, {""parameters"": [-0.3, 1.4, 0.4, -0.5], ""sigma2"": 1.5}, {""parameters"": [1.5, -0.4, -0.3, 0.2], ""sigma2"": 2.5}, {""parameters"": [-0.1, 1.4, 0.4, -0.7], ""sigma2"": 3.5}]"
linear_linear1_ar4_gradual_06.csv,linear,linear1_ar4,ar,gradual,12000,3000,"[3000, 6000, 9000]",300,"[{""parameters"": [0.9, -0.2, 0.8, -0.5], ""sigma2"": 0.5}, {""parameters"": [-0.3, 1.4, 0.4, -0.5], ""sigma2"": 1.5}, {""parameters"": [1.5, -0.4, -0.3, 0.2], ""sigma2"": 2.5}, {""parameters"": [-0.1, 1.4, 0.4, -0.7], ""sigma2"": 3.5}]"
linear_linear1_ar4_gradual_07.csv,linear,linear1_ar4,ar,gradual,12000,3000,"[3000, 6000, 9000]",300,"[{""parameters"": [0.9, -0.2, 0.8, -0.5], ""sigma2"": 0.5}, {""parameters"": [-0.3, 1.4, 0.4, -0.5], ""sigma2"": 1.5}, {""parameters"": [1.5, -0.4, -0.3, 0.2], ""sigma2"": 2.5}, {""parameters"": [-0.1, 1.4, 0.4, -0.7], ""sigma2"": 3.5}]"
linear_linear1_ar4_gradual_08.csv,linear,linear1_ar4,ar,gradual,12000,3000,"[3000, 6000, 9000]",300,"[{""parameters"": [0.9, -0.2, 0.8, -0.5], ""sigma2"": 0.5}, {""parameters"": [-0.3, 1.4, 0.4, -0.5], ""sigma2"": 1.5}, {""parameters"": [1.5, -0.4, -0.3, 0.2], ""sigma2"": 2.5}, {""parameters"": [-0.1, 1.4, 0.4, -0.7], ""sigma2"": 3.5}]"
linear_linear1_ar4_gradual_09.csv,linear,linear1_ar4,ar,gradual,12000,3000,"[3000, 6000, 9000]",300,"[{""parameters"": [0.9, -0.2, 0.8, -0.5], ""sigma2"": 0.5}, {""parameters"": [-0.3, 1.4, 0.4, -0.5], ""sigma2"": 1.5}, {""parameters"": [1.5, -0.4, -0.3, 0.2], ""sigma2"": 2.5}, {""parameters"": [-0.1, 1.4, 0.4, -0.7], ""sigma2"": 3.5}]"
linear_linear1_ar4_gradual_10.csv,linear,linear1_ar4,ar,gradual,12000,3000,"[3000, 6000, 9000]",300,"[{""parameters"": [0.9, -0.2, 0.8, -0.5], ""sigma2"": 0.5}, {""parameters"": [-0.3, 1.4, 0.4, -0.5], ""sigma2"": 1.5}, {""parameters"": [1.5, -0.4, -0.3, 0.2], ""sigma2"": 2.5}, {""parameters"": [-0.1, 1.4, 0.4, -0.7], ""sigma2"": 3.5}]"
linear_linear1_ar4_gradual_11.csv,linear,linear1_ar4,ar,gradual,12000,3000,"[3000, 6000, 9000]",300,"[{""parameters"": [0.9, -0.2, 0.8, -0.5], ""sigma2"": 0.5}, {""parameters"": [-0.3, 1.4, 0.4, -0.5], ""sigma2"": 1.5}, {""parameters"": [1.5, -0.4, -0.3, 0.2], ""sigma2"": 2.5}, {""parameters"": [-0.1, 1.4, 0.4, -0.7], ""sigma2"": 3.5}]"
linear_linear1_ar4_gradual_12.csv,linear,linear1_ar4,ar,gradual,12000,3000,"[3000, 6000, 9000]",300,"[{""parameters"": [0.9, -0.2, 0.8, -0.5], ""sigma2"": 0.5}, {""parameters"": [-0.3, 1.4, 0.4, -0.5], ""sigma2"": 1.5}, {""parameters"": [1.5, -0.4, -0.3, 0.2], ""sigma2"": 2.5}, {""parameters"": [-0.1, 1.4, 0.4, -0.7], ""sigma2"": 3.5}]"
linear_linear1_ar4_gradual_13.csv,linear,linear1_ar4,ar,gradual,12000,3000,"[3000, 6000, 9000]",300,"[{""parameters"": [0.9, -0.2, 0.8, -0.5], ""sigma2"": 0.5}, {""parameters"": [-0.3, 1.4, 0.4, -0.5], ""sigma2"": 1.5}, {""parameters"": [1.5, -0.4, -0.3, 0.2], ""sigma2"": 2.5}, {""parameters"": [-0.1, 1.4, 0.4, -0.7], ""sigma2"": 3.5}]"
linear_linear1_ar4_gradual_14.csv,linear,linear1_ar4,ar,gradual,12000,3000,"[3000, 6000, 9000]",300,"[{""parameters"": [0.9, -0.2, 0.8, -0.5], ""sigma2"": 0.5}, {""parameters"": [-0.3, 1.4, 0.4, -0.5], ""sigma2"": 1.5}, {""parameters"": [1.5, -0.4, -0.3, 0.2], ""sigma2"": 2.5}, {""parameters"": [-0.1, 1.4, 0.4, -0.7], ""sigma2"": 3.5}]"
linear_linear1_ar4_gradual_15.csv,linear,linear1_ar4,ar,gradual,12000,3000,"[3000, 6000, 9000]",300,"[{""parameters"": [0.9, -0.2, 0.8, -0.5], ""sigma2"": 0.5}, {""parameters"": [-0.3, 1.4, 0.4, -0.5], ""sigma2"": 1.5}, {""parameters"": [1.5, -0.4, -0.3, 0.2], ""sigma2"": 2.5}, {""parameters"": [-0.1, 1.4, 0.4, -0.7], ""sigma2"": 3.5}]"
linear_linear1_ar4_gradual_16.csv,linear,linear1_ar4,ar,gradual,12000,3000,"[3000, 6000, 9000]",300,"[{""parameters"": [0.9, -0.2, 0.8, -0.5], ""sigma2"": 0.5}, {""parameters"": [-0.3, 1.4, 0.4, -0.5], ""sigma2"": 1.5}, {""parameters"": [1.5, -0.4, -0.3, 0.2], ""sigma2"": 2.5}, {""parameters"": [-0.1, 1.4, 0.4, -0.7], ""sigma2"": 3.5}]"
linear_linear1_ar4_gradual_17.csv,linear,linear1_ar4,ar,gradual,12000,3000,"[3000, 6000, 9000]",300,"[{""parameters"": [0.9, -0.2, 0.8, -0.5], ""sigma2"": 0.5}, {""parameters"": [-0.3, 1.4, 0.4, -0.5], ""sigma2"": 1.5}, {""parameters"": [1.5, -0.4, -0.3, 0.2], ""sigma2"": 2.5}, {""parameters"": [-0.1, 1.4, 0.4, -0.7], ""sigma2"": 3.5}]"
linear_linear1_ar4_gradual_18.csv,linear,linear1_ar4,ar,gradual,12000,3000,"[3000, 6000, 9000]",300,"[{""parameters"": [0.9, -0.2, 0.8, -0.5], ""sigma2"": 0.5}, {""parameters"": [-0.3, 1.4, 0.4, -0.5], ""sigma2"": 1.5}, {""parameters"": [1.5, -0.4, -0.3, 0.2], ""sigma2"": 2.5}, {""parameters"": [-0.1, 1.4, 0.4, -0.7], ""sigma2"": 3.5}]"
linear_linear1_ar4_gradual_19.csv,linear,linear1_ar4,ar,gradual,12000,3000,"[3000, 6000, 9000]",300,"[{""parameters"": [0.9, -0.2, 0.8, -0.5], ""sigma2"": 0.5}, {""parameters"": [-0.3, 1.4, 0.4, -0.5], ""sigma2"": 1.5}, {""parameters"": [1.5, -0.4, -0.3, 0.2], ""sigma2"": 2.5}, {""parameters"": [-0.1, 1.4, 0.4, -0.7], ""sigma2"": 3.5}]"
linear_linear1_ar4_gradual_20.csv,linear,linear1_ar4,ar,gradual,12000,3000,"[3000, 6000, 9000]",300,"[{""parameters"": [0.9, -0.2, 0.8, -0.5], ""sigma2"": 0.5}, {""parameters"": [-0.3, 1.4, 0.4, -0.5], ""sigma2"": 1.5}, {""parameters"": [1.5, -0.4, -0.3, 0.2], ""sigma2"": 2.5}, {""parameters"": [-0.1, 1.4, 0.4, -0.7], ""sigma2"": 3.5}]"
linear_linear2_ar6_abrupt_01.csv,linear,linear2_ar6,ar,abrupt,12000,3000,"[3000, 6000, 9000]",0,"[{""parameters"": [1.1, -0.6, 0.8, -0.5, -0.1, 0.3], ""sigma2"": 0.5}, {""parameters"": [-0.1, 1.2, 0.4, 0.3, -0.2, -0.6], ""sigma2"": 1.5}, {""parameters"": [1.2, -0.4, -0.3, 0.7, -0.6, 0.4], ""sigma2"": 2.5}, {""parameters"": [-0.1, 1.1, 0.5, 0.2, -0.2, -0.5], ""sigma2"": 3.5}]"
linear_linear2_ar6_abrupt_02.csv,linear,linear2_ar6,ar,abrupt,12000,3000,"[3000, 6000, 9000]",0,"[{""parameters"": [1.1, -0.6, 0.8, -0.5, -0.1, 0.3], ""sigma2"": 0.5}, {""parameters"": [-0.1, 1.2, 0.4, 0.3, -0.2, -0.6], ""sigma2"": 1.5}, {""parameters"": [1.2, -0.4, -0.3, 0.7, -0.6, 0.4], ""sigma2"": 2.5}, {""parameters"": [-0.1, 1.1, 0.5, 0.2, -0.2, -0.5], ""sigma2"": 3.5}]"
linear_linear2_ar6_abrupt_03.csv,linear,linear2_ar6,ar,abrupt,12000,3000,"[3000, 6000, 9000]",0,"[{""parameters"": [1.1, -0.6, 0.8, -0.5, -0.1, 0.3], ""sigma2"": 0.5}, {""parameters"": [-0.1, 1.2, 0.4, 0.3, -0.2, -0.6], ""sigma2"": 1.5}, {""parameters"": [1.2, -0.4, -0.3, 0.7, -0.6, 0.4], ""sigma2"": 2.5}, {""parameters"": [-0.1, 1.1, 0.5, 0.2, -0.2, -0.5], ""sigma2"": 3.5}]"
linear_linear2_ar6_abrupt_04.csv,linear,linear2_ar6,ar,abrupt,12000,3000,"[3000, 6000, 9000]",0,"[{""parameters"": [1.1, -0.6, 0.8, -0.5, -0.1, 0.3], ""sigma2"": 0.5}, {""parameters"": [-0.1, 1.2, 0.4, 0.3, -0.2, -0.6], ""sigma2"": 1.5}, {""parameters"": [1.2, -0.4, -0.3, 0.7, -0.6, 0.4], ""sigma2"": 2.5}, {""parameters"": [-0.1, 1.1, 0.5, 0.2, -0.2, -0.5], ""sigma2"": 3.5}]"
linear_linear2_ar6_abrupt_05.csv,linear,linear2_ar6,ar,abrupt,12000,3000,"[3000, 6000, 9000]",0,"[{""parameters"": [1.1, -0.6, 0.8, -0.5, -0.1, 0.3], ""sigma2"": 0.5}, {""parameters"": [-0.1, 1.2, 0.4, 0.3, -0.2, -0.6], ""sigma2"": 1.5}, {""parameters"": [1.2, -0.4, -0.3, 0.7, -0.6, 0.4], ""sigma2"": 2.5}, {""parameters"": [-0.1, 1.1, 0.5, 0.2, -0.2, -0.5], ""sigma2"": 3.5}]"
linear_linear2_ar6_abrupt_06.csv,linear,linear2_ar6,ar,abrupt,12000,3000,"[3000, 6000, 9000]",0,"[{""parameters"": [1.1, -0.6, 0.8, -0.5, -0.1, 0.3], ""sigma2"": 0.5}, {""parameters"": [-0.1, 1.2, 0.4, 0.3, -0.2, -0.6], ""sigma2"": 1.5}, {""parameters"": [1.2, -0.4, -0.3, 0.7, -0.6, 0.4], ""sigma2"": 2.5}, {""parameters"": [-0.1, 1.1, 0.5, 0.2, -0.2, -0.5], ""sigma2"": 3.5}]"
linear_linear2_ar6_abrupt_07.csv,linear,linear2_ar6,ar,abrupt,12000,3000,"[3000, 6000, 9000]",0,"[{""parameters"": [1.1, -0.6, 0.8, -0.5, -0.1, 0.3], ""sigma2"": 0.5}, {""parameters"": [-0.1, 1.2, 0.4, 0.3, -0.2, -0.6], ""sigma2"": 1.5}, {""parameters"": [1.2, -0.4, -0.3, 0.7, -0.6, 0.4], ""sigma2"": 2.5}, {""parameters"": [-0.1, 1.1, 0.5, 0.2, -0.2, -0.5], ""sigma2"": 3.5}]"
linear_linear2_ar6_abrupt_08.csv,linear,linear2_ar6,ar,abrupt,12000,3000,"[3000, 6000, 9000]",0,"[{""parameters"": [1.1, -0.6, 0.8, -0.5, -0.1, 0.3], ""sigma2"": 0.5}, {""parameters"": [-0.1, 1.2, 0.4, 0.3, -0.2, -0.6], ""sigma2"": 1.5}, {""parameters"": [1.2, -0.4, -0.3, 0.7, -0.6, 0.4], ""sigma2"": 2.5}, {""parameters"": [-0.1, 1.1, 0.5, 0.2, -0.2, -0.5], ""sigma2"": 3.5}]"
linear_linear2_ar6_abrupt_09.csv,linear,linear2_ar6,ar,abrupt,12000,3000,"[3000, 6000, 9000]",0,"[{""parameters"": [1.1, -0.6, 0.8, -0.5, -0.1, 0.3], ""sigma2"": 0.5}, {""parameters"": [-0.1, 1.2, 0.4, 0.3, -0.2, -0.6], ""sigma2"": 1.5}, {""parameters"": [1.2, -0.4, -0.3, 0.7, -0.6, 0.4], ""sigma2"": 2.5}, {""parameters"": [-0.1, 1.1, 0.5, 0.2, -0.2, -0.5], ""sigma2"": 3.5}]"
linear_linear2_ar6_abrupt_10.csv,linear,linear2_ar6,ar,abrupt,12000,3000,"[3000, 6000, 9000]",0,"[{""parameters"": [1.1, -0.6, 0.8, -0.5, -0.1, 0.3], ""sigma2"": 0.5}, {""parameters"": [-0.1, 1.2, 0.4, 0.3, -0.2, -0.6], ""sigma2"": 1.5}, {""parameters"": [1.2, -0.4, -0.3, 0.7, -0.6, 0.4], ""sigma2"": 2.5}, {""parameters"": [-0.1, 1.1, 0.5, 0.2, -0.2, -0.5], ""sigma2"": 3.5}]"
linear_linear2_ar6_abrupt_11.csv,linear,linear2_ar6,ar,abrupt,12000,3000,"[3000, 6000, 9000]",0,"[{""parameters"": [1.1, -0.6, 0.8, -0.5, -0.1, 0.3], ""sigma2"": 0.5}, {""parameters"": [-0.1, 1.2, 0.4, 0.3, -0.2, -0.6], ""sigma2"": 1.5}, {""parameters"": [1.2, -0.4, -0.3, 0.7, -0.6, 0.4], ""sigma2"": 2.5}, {""parameters"": [-0.1, 1.1, 0.5, 0.2, -0.2, -0.5], ""sigma2"": 3.5}]"
linear_linear2_ar6_abrupt_12.csv,linear,linear2_ar6,ar,abrupt,12000,3000,"[3000, 6000, 9000]",0,"[{""parameters"": [1.1, -0.6, 0.8, -0.5, -0.1, 0.3], ""sigma2"": 0.5}, {""parameters"": [-0.1, 1.2, 0.4, 0.3, -0.2, -0.6], ""sigma2"": 1.5}, {""parameters"": [1.2, -0.4, -0.3, 0.7, -0.6, 0.4], ""sigma2"": 2.5}, {""parameters"": [-0.1, 1.1, 0.5, 0.2, -0.2, -0.5], ""sigma2"": 3.5}]"
linear_linear2_ar6_abrupt_13.csv,linear,linear2_ar6,ar,abrupt,12000,3000,"[3000, 6000, 9000]",0,"[{""parameters"": [1.1, -0.6, 0.8, -0.5, -0.1, 0.3], ""sigma2"": 0.5}, {""parameters"": [-0.1, 1.2, 0.4, 0.3, -0.2, -0.6], ""sigma2"": 1.5}, {""parameters"": [1.2, -0.4, -0.3, 0.7, -0.6, 0.4], ""sigma2"": 2.5}, {""parameters"": [-0.1, 1.1, 0.5, 0.2, -0.2, -0.5], ""sigma2"": 3.5}]"
linear_linear2_ar6_abrupt_14.csv,linear,linear2_ar6,ar,abrupt,12000,3000,"[3000, 6000, 9000]",0,"[{""parameters"": [1.1, -0.6, 0.8, -0.5, -0.1, 0.3], ""sigma2"": 0.5}, {""parameters"": [-0.1, 1.2, 0.4, 0.3, -0.2, -0.6], ""sigma2"": 1.5}, {""parameters"": [1.2, -0.4, -0.3, 0.7, -0.6, 0.4], ""sigma2"": 2.5}, {""parameters"": [-0.1, 1.1, 0.5, 0.2, -0.2, -0.5], ""sigma2"": 3.5}]"
linear_linear2_ar6_abrupt_15.csv,linear,linear2_ar6,ar,abrupt,12000,3000,"[3000, 6000, 9000]",0,"[{""parameters"": [1.1, -0.6, 0.8, -0.5, -0.1, 0.3], ""sigma2"": 0.5}, {""parameters"": [-0.1, 1.2, 0.4, 0.3, -0.2, -0.6], ""sigma2"": 1.5}, {""parameters"": [1.2, -0.4, -0.3, 0.7, -0.6, 0.4], ""sigma2"": 2.5}, {""parameters"": [-0.1, 1.1, 0.5, 0.2, -0.2, -0.5], ""sigma2"": 3.5}]"
linear_linear2_ar6_abrupt_16.csv,linear,linear2_ar6,ar,abrupt,12000,3000,"[3000, 6000, 9000]",0,"[{""parameters"": [1.1, -0.6, 0.8, -0.5, -0.1, 0.3], ""sigma2"": 0.5}, {""parameters"": [-0.1, 1.2, 0.4, 0.3, -0.2, -0.6], ""sigma2"": 1.5}, {""parameters"": [1.2, -0.4, -0.3, 0.7, -0.6, 0.4], ""sigma2"": 2.5}, {""parameters"": [-0.1, 1.1, 0.5, 0.2, -0.2, -0.5], ""sigma2"": 3.5}]"
linear_linear2_ar6_abrupt_17.csv,linear,linear2_ar6,ar,abrupt,12000,3000,"[3000, 6000, 9000]",0,"[{""parameters"": [1.1, -0.6, 0.8, -0.5, -0.1, 0.3], ""sigma2"": 0.5}, {""parameters"": [-0.1, 1.2, 0.4, 0.3, -0.2, -0.6], ""sigma2"": 1.5}, {""parameters"": [1.2, -0.4, -0.3, 0.7, -0.6, 0.4], ""sigma2"": 2.5}, {""parameters"": [-0.1, 1.1, 0.5, 0.2, -0.2, -0.5], ""sigma2"": 3.5}]"
linear_linear2_ar6_abrupt_18.csv,linear,linear2_ar6,ar,abrupt,12000,3000,"[3000, 6000, 9000]",0,"[{""parameters"": [1.1, -0.6, 0.8, -0.5, -0.1, 0.3], ""sigma2"": 0.5}, {""parameters"": [-0.1, 1.2, 0.4, 0.3, -0.2, -0.6], ""sigma2"": 1.5}, {""parameters"": [1.2, -0.4, -0.3, 0.7, -0.6, 0.4], ""sigma2"": 2.5}, {""parameters"": [-0.1, 1.1, 0.5, 0.2, -0.2, -0.5], ""sigma2"": 3.5}]"
linear_linear2_ar6_abrupt_19.csv,linear,linear2_ar6,ar,abrupt,12000,3000,"[3000, 6000, 9000]",0,"[{""parameters"": [1.1, -0.6, 0.8, -0.5, -0.1, 0.3], ""sigma2"": 0.5}, {""parameters"": [-0.1, 1.2, 0.4, 0.3, -0.2, -0.6], ""sigma2"": 1.5}, {""parameters"": [1.2, -0.4, -0.3, 0.7, -0.6, 0.4], ""sigma2"": 2.5}, {""parameters"": [-0.1, 1.1, 0.5, 0.2, -0.2, -0.5], ""sigma2"": 3.5}]"
linear_linear2_ar6_abrupt_20.csv,linear,linear2_ar6,ar,abrupt,12000,3000,"[3000, 6000, 9000]",0,"[{""parameters"": [1.1, -0.6, 0.8, -0.5, -0.1, 0.3], ""sigma2"": 0.5}, {""parameters"": [-0.1, 1.2, 0.4, 0.3, -0.2, -0.6], ""sigma2"": 1.5}, {""parameters"": [1.2, -0.4, -0.3, 0.7, -0.6, 0.4], ""sigma2"": 2.5}, {""parameters"": [-0.1, 1.1, 0.5, 0.2, -0.2, -0.5], ""sigma2"": 3.5}]"
linear_linear2_ar6_gradual_01.csv,linear,linear2_ar6,ar,gradual,12000,3000,"[3000, 6000, 9000]",300,"[{""parameters"": [1.1, -0.6, 0.8, -0.5, -0.1, 0.3], ""sigma2"": 0.5}, {""parameters"": [-0.1, 1.2, 0.4, 0.3, -0.2, -0.6], ""sigma2"": 1.5}, {""parameters"": [1.2, -0.4, -0.3, 0.7, -0.6, 0.4], ""sigma2"": 2.5}, {""parameters"": [-0.1, 1.1, 0.5, 0.2, -0.2, -0.5], ""sigma2"": 3.5}]"
linear_linear2_ar6_gradual_02.csv,linear,linear2_ar6,ar,gradual,12000,3000,"[3000, 6000, 9000]",300,"[{""parameters"": [1.1, -0.6, 0.8, -0.5, -0.1, 0.3], ""sigma2"": 0.5}, {""parameters"": [-0.1, 1.2, 0.4, 0.3, -0.2, -0.6], ""sigma2"": 1.5}, {""parameters"": [1.2, -0.4, -0.3, 0.7, -0.6, 0.4], ""sigma2"": 2.5}, {""parameters"": [-0.1, 1.1, 0.5, 0.2, -0.2, -0.5], ""sigma2"": 3.5}]"
linear_linear2_ar6_gradual_03.csv,linear,linear2_ar6,ar,gradual,12000,3000,"[3000, 6000, 9000]",300,"[{""parameters"": [1.1, -0.6, 0.8, -0.5, -0.1, 0.3], ""sigma2"": 0.5}, {""parameters"": [-0.1, 1.2, 0.4, 0.3, -0.2, -0.6], ""sigma2"": 1.5}, {""parameters"": [1.2, -0.4, -0.3, 0.7, -0.6, 0.4], ""sigma2"": 2.5}, {""parameters"": [-0.1, 1.1, 0.5, 0.2, -0.2, -0.5], ""sigma2"": 3.5}]"
linear_linear2_ar6_gradual_04.csv,linear,linear2_ar6,ar,gradual,12000,3000,"[3000, 6000, 9000]",300,"[{""parameters"": [1.1, -0.6, 0.8, -0.5, -0.1, 0.3], ""sigma2"": 0.5}, {""parameters"": [-0.1, 1.2, 0.4, 0.3, -0.2, -0.6], ""sigma2"": 1.5}, {""parameters"": [1.2, -0.4, -0.3, 0.7, -0.6, 0.4], ""sigma2"": 2.5}, {""parameters"": [-0.1, 1.1, 0.5, 0.2, -0.2, -0.5], ""sigma2"": 3.5}]"
linear_linear2_ar6_gradual_05.csv,linear,linear2_ar6,ar,gradual,12000,3000,"[3000, 6000, 9000]",300,"[{""parameters"": [1.1, -0.6, 0.8, -0.5, -0.1, 0.3], ""sigma2"": 0.5}, {""parameters"": [-0.1, 1.2, 0.4, 0.3, -0.2, -0.6], ""sigma2"": 1.5}, {""parameters"": [1.2, -0.4, -0.3, 0.7, -0.6, 0.4], ""sigma2"": 2.5}, {""parameters"": [-0.1, 1.1, 0.5, 0.2, -0.2, -0.5], ""sigma2"": 3.5}]"
linear_linear2_ar6_gradual_06.csv,linear,linear2_ar6,ar,gradual,12000,3000,"[3000, 6000, 9000]",300,"[{""parameters"": [1.1, -0.6, 0.8, -0.5, -0.1, 0.3], ""sigma2"": 0.5}, {""parameters"": [-0.1, 1.2, 0.4, 0.3, -0.2, -0.6], ""sigma2"": 1.5}, {""parameters"": [1.2, -0.4, -0.3, 0.7, -0.6, 0.4], ""sigma2"": 2.5}, {""parameters"": [-0.1, 1.1, 0.5, 0.2, -0.2, -0.5], ""sigma2"": 3.5}]"
linear_linear2_ar6_gradual_07.csv,linear,linear2_ar6,ar,gradual,12000,3000,"[3000, 6000, 9000]",300,"[{""parameters"": [1.1, -0.6, 0.8, -0.5, -0.1, 0.3], ""sigma2"": 0.5}, {""parameters"": [-0.1, 1.2, 0.4, 0.3, -0.2, -0.6], ""sigma2"": 1.5}, {""parameters"": [1.2, -0.4, -0.3, 0.7, -0.6, 0.4], ""sigma2"": 2.5}, {""parameters"": [-0.1, 1.1, 0.5, 0.2, -0.2, -0.5], ""sigma2"": 3.5}]"
linear_linear2_ar6_gradual_08.csv,linear,linear2_ar6,ar,gradual,12000,3000,"[3000, 6000, 9000]",300,"[{""parameters"": [1.1, -0.6, 0.8, -0.5, -0.1, 0.3], ""sigma2"": 0.5}, {""parameters"": [-0.1, 1.2, 0.4, 0.3, -0.2, -0.6], ""sigma2"": 1.5}, {""parameters"": [1.2, -0.4, -0.3, 0.7, -0.6, 0.4], ""sigma2"": 2.5}, {""parameters"": [-0.1, 1.1, 0.5, 0.2, -0.2, -0.5], ""sigma2"": 3.5}]"
linear_linear2_ar6_gradual_09.csv,linear,linear2_ar6,ar,gradual,12000,3000,"[3000, 6000, 9000]",300,"[{""parameters"": [1.1, -0.6, 0.8, -0.5, -0.1, 0.3], ""sigma2"": 0.5}, {""parameters"": [-0.1, 1.2, 0.4, 0.3, -0.2, -0.6], ""sigma2"": 1.5}, {""parameters"": [1.2, -0.4, -0.3, 0.7, -0.6, 0.4], ""sigma2"": 2.5}, {""parameters"": [-0.1, 1.1, 0.5, 0.2, -0.2, -0.5], ""sigma2"": 3.5}]"
linear_linear2_ar6_gradual_10.csv,linear,linear2_ar6,ar,gradual,12000,3000,"[3000, 6000, 9000]",300,"[{""parameters"": [1.1, -0.6, 0.8, -0.5, -0.1, 0.3], ""sigma2"": 0.5}, {""parameters"": [-0.1, 1.2, 0.4, 0.3, -0.2, -0.6], ""sigma2"": 1.5}, {""parameters"": [1.2, -0.4, -0.3, 0.7, -0.6, 0.4], ""sigma2"": 2.5}, {""parameters"": [-0.1, 1.1, 0.5, 0.2, -0.2, -0.5], ""sigma2"": 3.5}]"
linear_linear2_ar6_gradual_11.csv,linear,linear2_ar6,ar,gradual,12000,3000,"[3000, 6000, 9000]",300,"[{""parameters"": [1.1, -0.6, 0.8, -0.5, -0.1, 0.3], ""sigma2"": 0.5}, {""parameters"": [-0.1, 1.2, 0.4, 0.3, -0.2, -0.6], ""sigma2"": 1.5}, {""parameters"": [1.2, -0.4, -0.3, 0.7, -0.6, 0.4], ""sigma2"": 2.5}, {""parameters"": [-0.1, 1.1, 0.5, 0.2, -0.2, -0.5], ""sigma2"": 3.5}]"
linear_linear2_ar6_gradual_12.csv,linear,linear2_ar6,ar,gradual,12000,3000,"[3000, 6000, 9000]",300,"[{""parameters"": [1.1, -0.6, 0.8, -0.5, -0.1, 0.3], ""sigma2"": 0.5}, {""parameters"": [-0.1, 1.2, 0.4, 0.3, -0.2, -0.6], ""sigma2"": 1.5}, {""parameters"": [1.2, -0.4, -0.3, 0.7, -0.6, 0.4], ""sigma2"": 2.5}, {""parameters"": [-0.1, 1.1, 0.5, 0.2, -0.2, -0.5], ""sigma2"": 3.5}]"
linear_linear2_ar6_gradual_13.csv,linear,linear2_ar6,ar,gradual,12000,3000,"[3000, 6000, 9000]",300,"[{""parameters"": [1.1, -0.6, 0.8, -0.5, -0.1, 0.3], ""sigma2"": 0.5}, {""parameters"": [-0.1, 1.2, 0.4, 0.3, -0.2, -0.6], ""sigma2"": 1.5}, {""parameters"": [1.2, -0.4, -0.3, 0.7, -0.6, 0.4], ""sigma2"": 2.5}, {""parameters"": [-0.1, 1.1, 0.5, 0.2, -0.2, -0.5], ""sigma2"": 3.5}]"
linear_linear2_ar6_gradual_14.csv,linear,linear2_ar6,ar,gradual,12000,3000,"[3000, 6000, 9000]",300,"[{""parameters"": [1.1, -0.6, 0.8, -0.5, -0.1, 0.3], ""sigma2"": 0.5}, {""parameters"": [-0.1, 1.2, 0.4, 0.3, -0.2, -0.6], ""sigma2"": 1.5}, {""parameters"": [1.2, -0.4, -0.3, 0.7, -0.6, 0.4], ""sigma2"": 2.5}, {""parameters"": [-0.1, 1.1, 0.5, 0.2, -0.2, -0.5], ""sigma2"": 3.5}]"
linear_linear2_ar6_gradual_15.csv,linear,linear2_ar6,ar,gradual,12000,3000,"[3000, 6000, 9000]",300,"[{""parameters"": [1.1, -0.6, 0.8, -0.5, -0.1, 0.3], ""sigma2"": 0.5}, {""parameters"": [-0.1, 1.2, 0.4, 0.3, -0.2, -0.6], ""sigma2"": 1.5}, {""parameters"": [1.2, -0.4, -0.3, 0.7, -0.6, 0.4], ""sigma2"": 2.5}, {""parameters"": [-0.1, 1.1, 0.5, 0.2, -0.2, -0.5], ""sigma2"": 3.5}]"
linear_linear2_ar6_gradual_16.csv,linear,linear2_ar6,ar,gradual,12000,3000,"[3000, 6000, 9000]",300,"[{""parameters"": [1.1, -0.6, 0.8, -0.5, -0.1, 0.3], ""sigma2"": 0.5}, {""parameters"": [-0.1, 1.2, 0.4, 0.3, -0.2, -0.6], ""sigma2"": 1.5}, {""parameters"": [1.2, -0.4, -0.3, 0.7, -0.6, 0.4], ""sigma2"": 2.5}, {""parameters"": [-0.1, 1.1, 0.5, 0.2, -0.2, -0.5], ""sigma2"": 3.5}]"
linear_linear2_ar6_gradual_17.csv,linear,linear2_ar6,ar,gradual,12000,3000,"[3000, 6000, 9000]",300,"[{""parameters"": [1.1, -0.6, 0.8, -0.5, -0.1, 0.3], ""sigma2"": 0.5}, {""parameters"": [-0.1, 1.2, 0.4, 0.3, -0.2, -0.6], ""sigma2"": 1.5}, {""parameters"": [1.2, -0.4, -0.3, 0.7, -0.6, 0.4], ""sigma2"": 2.5}, {""parameters"": [-0.1, 1.1, 0.5, 0.2, -0.2, -0.5], ""sigma2"": 3.5}]"
linear_linear2_ar6_gradual_18.csv,linear,linear2_ar6,ar,gradual,12000,3000,"[3000, 6000, 9000]",300,"[{""parameters"": [1.1, -0.6, 0.8, -0.5, -0.1, 0.3], ""sigma2"": 0.5}, {""parameters"": [-0.1, 1.2, 0.4, 0.3, -0.2, -0.6], ""sigma2"": 1.5}, {""parameters"": [1.2, -0.4, -0.3, 0.7, -0.6, 0.4], ""sigma2"": 2.5}, {""parameters"": [-0.1, 1.1, 0.5, 0.2, -0.2, -0.5], ""sigma2"": 3.5}]"
linear_linear2_ar6_gradual_19.csv,linear,linear2_ar6,ar,gradual,12000,3000,"[3000, 6000, 9000]",300,"[{""parameters"": [1.1, -0.6, 0.8, -0.5, -0.1, 0.3], ""sigma2"": 0.5}, {""parameters"": [-0.1, 1.2, 0.4, 0.3, -0.2, -0.6], ""sigma2"": 1.5}, {""parameters"": [1.2, -0.4, -0.3, 0.7, -0.6, 0.4], ""sigma2"": 2.5}, {""parameters"": [-0.1, 1.1, 0.5, 0.2, -0.2, -0.5], ""sigma2"": 3.5}]"
linear_linear2_ar6_gradual_20.csv,linear,linear2_ar6,ar,gradual,12000,3000,"[3000, 6000, 9000]",300,"[{""parameters"": [1.1, -0.6, 0.8, -0.5, -0.1, 0.3], ""sigma2"": 0.5}, {""parameters"": [-0.1, 1.2, 0.4, 0.3, -0.2, -0.6], ""sigma2"": 1.5}, {""parameters"": [1.2, -0.4, -0.3, 0.7, -0.6, 0.4], ""sigma2"": 2.5}, {""parameters"": [-0.1, 1.1, 0.5, 0.2, -0.2, -0.5], ""sigma2"": 3.5}]"
linear_linear3_arp_abrupt_01.csv,linear,linear3_arp,ar,abrupt,12000,3000,"[3000, 6000, 9000]",0,"[{""parameters"": [0.5, 0.5], ""sigma2"": 0.5}, {""parameters"": [1.5, 0.5], ""sigma2"": 1.5}, {""parameters"": [0.9, -0.2, 0.8, -0.5], ""sigma2"": 2.5}, {""parameters"": [0.9, 0.8, -0.6, 0.2, -0.5, -0.2, 0.4], ""sigma2"": 3.5}]"
linear_linear3_arp_abrupt_02.csv,linear,linear3_arp,ar,abrupt,12000,3000,"[3000, 6000, 9000]",0,"[{""parameters"": [0.5, 0.5], ""sigma2"": 0.5}, {""parameters"": [1.5, 0.5], ""sigma2"": 1.5}, {""parameters"": [0.9, -0.2, 0.8, -0.5], ""sigma2"": 2.5}, {""parameters"": [0.9, 0.8, -0.6, 0.2, -0.5, -0.2, 0.4], ""sigma2"": 3.5}]"
linear_linear3_arp_abrupt_03.csv,linear,linear3_arp,ar,abrupt,12000,3000,"[3000, 6000, 9000]",0,"[{""parameters"": [0.5, 0.5], ""sigma2"": 0.5}, {""parameters"": [1.5, 0.5], ""sigma2"": 1.5}, {""parameters"": [0.9, -0.2, 0.8, -0.5], ""sigma2"": 2.5}, {""parameters"": [0.9, 0.8, -0.6, 0.2, -0.5, -0.2, 0.4], ""sigma2"": 3.5}]"
linear_linear3_arp_abrupt_04.csv,linear,linear3_arp,ar,abrupt,12000,3000,"[3000, 6000, 9000]",0,"[{""parameters"": [0.5, 0.5], ""sigma2"": 0.5}, {""parameters"": [1.5, 0.5], ""sigma2"": 1.5}, {""parameters"": [0.9, -0.2, 0.8, -0.5], ""sigma2"": 2.5}, {""parameters"": [0.9, 0.8, -0.6, 0.2, -0.5, -0.2, 0.4], ""sigma2"": 3.5}]"
linear_linear3_arp_abrupt_05.csv,linear,linear3_arp,ar,abrupt,12000,3000,"[3000, 6000, 9000]",0,"[{""parameters"": [0.5, 0.5], ""sigma2"": 0.5}, {""parameters"": [1.5, 0.5], ""sigma2"": 1.5}, {""parameters"": [0.9, -0.2, 0.8, -0.5], ""sigma2"": 2.5}, {""parameters"": [0.9, 0.8, -0.6, 0.2, -0.5, -0.2, 0.4], ""sigma2"": 3.5}]"
linear_linear3_arp_abrupt_06.csv,linear,linear3_arp,ar,abrupt,12000,3000,"[3000, 6000, 9000]",0,"[{""parameters"": [0.5, 0.5], ""sigma2"": 0.5}, {""parameters"": [1.5, 0.5], ""sigma2"": 1.5}, {""parameters"": [0.9, -0.2, 0.8, -0.5], ""sigma2"": 2.5}, {""parameters"": [0.9, 0.8, -0.6, 0.2, -0.5, -0.2, 0.4], ""sigma2"": 3.5}]"
linear_linear3_arp_abrupt_07.csv,linear,linear3_arp,ar,abrupt,12000,3000,"[3000, 6000, 9000]",0,"[{""parameters"": [0.5, 0.5], ""sigma2"": 0.5}, {""parameters"": [1.5, 0.5], ""sigma2"": 1.5}, {""parameters"": [0.9, -0.2, 0.8, -0.5], ""sigma2"": 2.5}, {""parameters"": [0.9, 0.8, -0.6, 0.2, -0.5, -0.2, 0.4], ""sigma2"": 3.5}]"
linear_linear3_arp_abrupt_08.csv,linear,linear3_arp,ar,abrupt,12000,3000,"[3000, 6000, 9000]",0,"[{""parameters"": [0.5, 0.5], ""sigma2"": 0.5}, {""parameters"": [1.5, 0.5], ""sigma2"": 1.5}, {""parameters"": [0.9, -0.2, 0.8, -0.5], ""sigma2"": 2.5}, {""parameters"": [0.9, 0.8, -0.6, 0.2, -0.5, -0.2, 0.4], ""sigma2"": 3.5}]"
linear_linear3_arp_abrupt_09.csv,linear,linear3_arp,ar,abrupt,12000,3000,"[3000, 6000, 9000]",0,"[{""parameters"": [0.5, 0.5], ""sigma2"": 0.5}, {""parameters"": [1.5, 0.5], ""sigma2"": 1.5}, {""parameters"": [0.9, -0.2, 0.8, -0.5], ""sigma2"": 2.5}, {""parameters"": [0.9, 0.8, -0.6, 0.2, -0.5, -0.2, 0.4], ""sigma2"": 3.5}]"
linear_linear3_arp_abrupt_10.csv,linear,linear3_arp,ar,abrupt,12000,3000,"[3000, 6000, 9000]",0,"[{""parameters"": [0.5, 0.5], ""sigma2"": 0.5}, {""parameters"": [1.5, 0.5], ""sigma2"": 1.5}, {""parameters"": [0.9, -0.2, 0.8, -0.5], ""sigma2"": 2.5}, {""parameters"": [0.9, 0.8, -0.6, 0.2, -0.5, -0.2, 0.4], ""sigma2"": 3.5}]"
linear_linear3_arp_abrupt_11.csv,linear,linear3_arp,ar,abrupt,12000,3000,"[3000, 6000, 9000]",0,"[{""parameters"": [0.5, 0.5], ""sigma2"": 0.5}, {""parameters"": [1.5, 0.5], ""sigma2"": 1.5}, {""parameters"": [0.9, -0.2, 0.8, -0.5], ""sigma2"": 2.5}, {""parameters"": [0.9, 0.8, -0.6, 0.2, -0.5, -0.2, 0.4], ""sigma2"": 3.5}]"
linear_linear3_arp_abrupt_12.csv,linear,linear3_arp,ar,abrupt,12000,3000,"[3000, 6000, 9000]",0,"[{""parameters"": [0.5, 0.5], ""sigma2"": 0.5}, {""parameters"": [1.5, 0.5], ""sigma2"": 1.5}, {""parameters"": [0.9, -0.2, 0.8, -0.5], ""sigma2"": 2.5}, {""parameters"": [0.9, 0.8, -0.6, 0.2, -0.5, -0.2, 0.4], ""sigma2"": 3.5}]"
linear_linear3_arp_abrupt_13.csv,linear,linear3_arp,ar,abrupt,12000,3000,"[3000, 6000, 9000]",0,"[{""parameters"": [0.5, 0.5], ""sigma2"": 0.5}, {""parameters"": [1.5, 0.5], ""sigma2"": 1.5}, {""parameters"": [0.9, -0.2, 0.8, -0.5], ""sigma2"": 2.5}, {""parameters"": [0.9, 0.8, -0.6, 0.2, -0.5, -0.2, 0.4], ""sigma2"": 3.5}]"
linear_linear3_arp_abrupt_14.csv,linear,linear3_arp,ar,abrupt,12000,3000,"[3000, 6000, 9000]",0,"[{""parameters"": [0.5, 0.5], ""sigma2"": 0.5}, {""parameters"": [1.5, 0.5], ""sigma2"": 1.5}, {""parameters"": [0.9, -0.2, 0.8, -0.5], ""sigma2"": 2.5}, {""parameters"": [0.9, 0.8, -0.6, 0.2, -0.5, -0.2, 0.4], ""sigma2"": 3.5}]"
linear_linear3_arp_abrupt_15.csv,linear,linear3_arp,ar,abrupt,12000,3000,"[3000, 6000, 9000]",0,"[{""parameters"": [0.5, 0.5], ""sigma2"": 0.5}, {""parameters"": [1.5, 0.5], ""sigma2"": 1.5}, {""parameters"": [0.9, -0.2, 0.8, -0.5], ""sigma2"": 2.5}, {""parameters"": [0.9, 0.8, -0.6, 0.2, -0.5, -0.2, 0.4], ""sigma2"": 3.5}]"
linear_linear3_arp_abrupt_16.csv,linear,linear3_arp,ar,abrupt,12000,3000,"[3000, 6000, 9000]",0,"[{""parameters"": [0.5, 0.5], ""sigma2"": 0.5}, {""parameters"": [1.5, 0.5], ""sigma2"": 1.5}, {""parameters"": [0.9, -0.2, 0.8, -0.5], ""sigma2"": 2.5}, {""parameters"": [0.9, 0.8, -0.6, 0.2, -0.5, -0.2, 0.4], ""sigma2"": 3.5}]"
linear_linear3_arp_abrupt_17.csv,linear,linear3_arp,ar,abrupt,12000,3000,"[3000, 6000, 9000]",0,"[{""parameters"": [0.5, 0.5], ""sigma2"": 0.5}, {""parameters"": [1.5, 0.5], ""sigma2"": 1.5}, {""parameters"": [0.9, -0.2, 0.8, -0.5], ""sigma2"": 2.5}, {""parameters"": [0.9, 0.8, -0.6, 0.2, -0.5, -0.2, 0.4], ""sigma2"": 3.5}]"
linear_linear3_arp_abrupt_18.csv,linear,linear3_arp,ar,abrupt,12000,3000,"[3000, 6000, 9000]",0,"[{""parameters"": [0.5, 0.5], ""sigma2"": 0.5}, {""parameters"": [1.5, 0.5], ""sigma2"": 1.5}, {""parameters"": [0.9, -0.2, 0.8, -0.5], ""sigma2"": 2.5}, {""parameters"": [0.9, 0.8, -0.6, 0.2, -0.5, -0.2, 0.4], ""sigma2"": 3.5}]"
linear_linear3_arp_abrupt_19.csv,linear,linear3_arp,ar,abrupt,12000,3000,"[3000, 6000, 9000]",0,"[{""parameters"": [0.5, 0.5], ""sigma2"": 0.5}, {""parameters"": [1.5, 0.5], ""sigma2"": 1.5}, {""parameters"": [0.9, -0.2, 0.8, -0.5], ""sigma2"": 2.5}, {""parameters"": [0.9, 0.8, -0.6, 0.2, -0.5, -0.2, 0.4], ""sigma2"": 3.5}]"
linear_linear3_arp_abrupt_20.csv,linear,linear3_arp,ar,abrupt,12000,3000,"[3000, 6000, 9000]",0,"[{""parameters"": [0.5, 0.5], ""sigma2"": 0.5}, {""parameters"": [1.5, 0.5], ""sigma2"": 1.5}, {""parameters"": [0.9, -0.2, 0.8, -0.5], ""sigma2"": 2.5}, {""parameters"": [0.9, 0.8, -0.6, 0.2, -0.5, -0.2, 0.4], ""sigma2"": 3.5}]"
linear_linear3_arp_gradual_01.csv,linear,linear3_arp,ar,gradual,12000,3000,"[3000, 6000, 9000]",300,"[{""parameters"": [0.5, 0.5], ""sigma2"": 0.5}, {""parameters"": [1.5, 0.5], ""sigma2"": 1.5}, {""parameters"": [0.9, -0.2, 0.8, -0.5], ""sigma2"": 2.5}, {""parameters"": [0.9, 0.8, -0.6, 0.2, -0.5, -0.2, 0.4], ""sigma2"": 3.5}]"
linear_linear3_arp_gradual_02.csv,linear,linear3_arp,ar,gradual,12000,3000,"[3000, 6000, 9000]",300,"[{""parameters"": [0.5, 0.5], ""sigma2"": 0.5}, {""parameters"": [1.5, 0.5], ""sigma2"": 1.5}, {""parameters"": [0.9, -0.2, 0.8, -0.5], ""sigma2"": 2.5}, {""parameters"": [0.9, 0.8, -0.6, 0.2, -0.5, -0.2, 0.4], ""sigma2"": 3.5}]"
linear_linear3_arp_gradual_03.csv,linear,linear3_arp,ar,gradual,12000,3000,"[3000, 6000, 9000]",300,"[{""parameters"": [0.5, 0.5], ""sigma2"": 0.5}, {""parameters"": [1.5, 0.5], ""sigma2"": 1.5}, {""parameters"": [0.9, -0.2, 0.8, -0.5], ""sigma2"": 2.5}, {""parameters"": [0.9, 0.8, -0.6, 0.2, -0.5, -0.2, 0.4], ""sigma2"": 3.5}]"
linear_linear3_arp_gradual_04.csv,linear,linear3_arp,ar,gradual,12000,3000,"[3000, 6000, 9000]",300,"[{""parameters"": [0.5, 0.5], ""sigma2"": 0.5}, {""parameters"": [1.5, 0.5], ""sigma2"": 1.5}, {""parameters"": [0.9, -0.2, 0.8, -0.5], ""sigma2"": 2.5}, {""parameters"": [0.9, 0.8, -0.6, 0.2, -0.5, -0.2, 0.4], ""sigma2"": 3.5}]"
linear_linear3_arp_gradual_05.csv,linear,linear3_arp,ar,gradual,12000,3000,"[3000, 6000, 9000]",300,"[{""parameters"": [0.5, 0.5], ""sigma2"": 0.5}, {""parameters"": [1.5, 0.5], ""sigma2"": 1.5}, {""parameters"": [0.9, -0.2, 0.8, -0.5], ""sigma2"": 2.5}, {""parameters"": [0.9, 0.8, -0.6, 0.2, -0.5, -0.2, 0.4], ""sigma2"": 3.5}]"
linear_linear3_arp_gradual_06.csv,linear,linear3_arp,ar,gradual,12000,3000,"[3000, 6000, 9000]",300,"[{""parameters"": [0.5, 0.5], ""sigma2"": 0.5}, {""parameters"": [1.5, 0.5], ""sigma2"": 1.5}, {""parameters"": [0.9, -0.2, 0.8, -0.5], ""sigma2"": 2.5}, {""parameters"": [0.9, 0.8, -0.6, 0.2, -0.5, -0.2, 0.4], ""sigma2"": 3.5}]"
linear_linear3_arp_gradual_07.csv,linear,linear3_arp,ar,gradual,12000,3000,"[3000, 6000, 9000]",300,"[{""parameters"": [0.5, 0.5], ""sigma2"": 0.5}, {""parameters"": [1.5, 0.5], ""sigma2"": 1.5}, {""parameters"": [0.9, -0.2, 0.8, -0.5], ""sigma2"": 2.5}, {""parameters"": [0.9, 0.8, -0.6, 0.2, -0.5, -0.2, 0.4], ""sigma2"": 3.5}]"
linear_linear3_arp_gradual_08.csv,linear,linear3_arp,ar,gradual,12000,3000,"[3000, 6000, 9000]",300,"[{""parameters"": [0.5, 0.5], ""sigma2"": 0.5}, {""parameters"": [1.5, 0.5], ""sigma2"": 1.5}, {""parameters"": [0.9, -0.2, 0.8, -0.5], ""sigma2"": 2.5}, {""parameters"": [0.9, 0.8, -0.6, 0.2, -0.5, -0.2, 0.4], ""sigma2"": 3.5}]"
linear_linear3_arp_gradual_09.csv,linear,linear3_arp,ar,gradual,12000,3000,"[3000, 6000, 9000]",300,"[{""parameters"": [0.5, 0.5], ""sigma2"": 0.5}, {""parameters"": [1.5, 0.5], ""sigma2"": 1.5}, {""parameters"": [0.9, -0.2, 0.8, -0.5], ""sigma2"": 2.5}, {""parameters"": [0.9, 0.8, -0.6, 0.2, -0.5, -0.2, 0.4], ""sigma2"": 3.5}]"
linear_linear3_arp_gradual_10.csv,linear,linear3_arp,ar,gradual,12000,3000,"[3000, 6000, 9000]",300,"[{""parameters"": [0.5, 0.5], ""sigma2"": 0.5}, {""parameters"": [1.5, 0.5], ""sigma2"": 1.5}, {""parameters"": [0.9, -0.2, 0.8, -0.5], ""sigma2"": 2.5}, {""parameters"": [0.9, 0.8, -0.6, 0.2, -0.5, -0.2, 0.4], ""sigma2"": 3.5}]"
linear_linear3_arp_gradual_11.csv,linear,linear3_arp,ar,gradual,12000,3000,"[3000, 6000, 9000]",300,"[{""parameters"": [0.5, 0.5], ""sigma2"": 0.5}, {""parameters"": [1.5, 0.5], ""sigma2"": 1.5}, {""parameters"": [0.9, -0.2, 0.8, -0.5], ""sigma2"": 2.5}, {""parameters"": [0.9, 0.8, -0.6, 0.2, -0.5, -0.2, 0.4], ""sigma2"": 3.5}]"
linear_linear3_arp_gradual_12.csv,linear,linear3_arp,ar,gradual,12000,3000,"[3000, 6000, 9000]",300,"[{""parameters"": [0.5, 0.5], ""sigma2"": 0.5}, {""parameters"": [1.5, 0.5], ""sigma2"": 1.5}, {""parameters"": [0.9, -0.2, 0.8, -0.5], ""sigma2"": 2.5}, {""parameters"": [0.9, 0.8, -0.6, 0.2, -0.5, -0.2, 0.4], ""sigma2"": 3.5}]"
linear_linear3_arp_gradual_13.csv,linear,linear3_arp,ar,gradual,12000,3000,"[3000, 6000, 9000]",300,"[{""parameters"": [0.5, 0.5], ""sigma2"": 0.5}, {""parameters"": [1.5, 0.5], ""sigma2"": 1.5}, {""parameters"": [0.9, -0.2, 0.8, -0.5], ""sigma2"": 2.5}, {""parameters"": [0.9, 0.8, -0.6, 0.2, -0.5, -0.2, 0.4], ""sigma2"": 3.5}]"
linear_linear3_arp_gradual_14.csv,linear,linear3_arp,ar,gradual,12000,3000,"[3000, 6000, 9000]",300,"[{""parameters"": [0.5, 0.5], ""sigma2"": 0.5}, {""parameters"": [1.5, 0.5], ""sigma2"": 1.5}, {""parameters"": [0.9, -0.2, 0.8, -0.5], ""sigma2"": 2.5}, {""parameters"": [0.9, 0.8, -0.6, 0.2, -0.5, -0.2, 0.4], ""sigma2"": 3.5}]"
linear_linear3_arp_gradual_15.csv,linear,linear3_arp,ar,gradual,12000,3000,"[3000, 6000, 9000]",300,"[{""parameters"": [0.5, 0.5], ""sigma2"": 0.5}, {""parameters"": [1.5, 0.5], ""sigma2"": 1.5}, {""parameters"": [0.9, -0.2, 0.8, -0.5], ""sigma2"": 2.5}, {""parameters"": [0.9, 0.8, -0.6, 0.2, -0.5, -0.2, 0.4], ""sigma2"": 3.5}]"
linear_linear3_arp_gradual_16.csv,linear,linear3_arp,ar,gradual,12000,3000,"[3000, 6000, 9000]",300,"[{""parameters"": [0.5, 0.5], ""sigma2"": 0.5}, {""parameters"": [1.5, 0.5], ""sigma2"": 1.5}, {""parameters"": [0.9, -0.2, 0.8, -0.5], ""sigma2"": 2.5}, {""parameters"": [0.9, 0.8, -0.6, 0.2, -0.5, -0.2, 0.4], ""sigma2"": 3.5}]"
linear_linear3_arp_gradual_17.csv,linear,linear3_arp,ar,gradual,12000,3000,"[3000, 6000, 9000]",300,"[{""parameters"": [0.5, 0.5], ""sigma2"": 0.5}, {""parameters"": [1.5, 0.5], ""sigma2"": 1.5}, {""parameters"": [0.9, -0.2, 0.8, -0.5], ""sigma2"": 2.5}, {""parameters"": [0.9, 0.8, -0.6, 0.2, -0.5, -0.2, 0.4], ""sigma2"": 3.5}]"
linear_linear3_arp_gradual_18.csv,linear,linear3_arp,ar,gradual,12000,3000,"[3000, 6000, 9000]",300,"[{""parameters"": [0.5, 0.5], ""sigma2"": 0.5}, {""parameters"": [1.5, 0.5], ""sigma2"": 1.5}, {""parameters"": [0.9, -0.2, 0.8, -0.5], ""sigma2"": 2.5}, {""parameters"": [0.9, 0.8, -0.6, 0.2, -0.5, -0.2, 0.4], ""sigma2"": 3.5}]"
linear_linear3_arp_gradual_19.csv,linear,linear3_arp,ar,gradual,12000,3000,"[3000, 6000, 9000]",300,"[{""parameters"": [0.5, 0.5], ""sigma2"": 0.5}, {""parameters"": [1.5, 0.5], ""sigma2"": 1.5}, {""parameters"": [0.9, -0.2, 0.8, -0.5], ""sigma2"": 2.5}, {""parameters"": [0.9, 0.8, -0.6, 0.2, -0.5, -0.2, 0.4], ""sigma2"": 3.5}]"
linear_linear3_arp_gradual_20.csv,linear,linear3_arp,ar,gradual,12000,3000,"[3000, 6000, 9000]",300,"[{""parameters"": [0.5, 0.5], ""sigma2"": 0.5}, {""parameters"": [1.5, 0.5], ""sigma2"": 1.5}, {""parameters"": [0.9, -0.2, 0.8, -0.5], ""sigma2"": 2.5}, {""parameters"": [0.9, 0.8, -0.6, 0.2, -0.5, -0.2, 0.4], ""sigma2"": 3.5}]"
nonlinear_nonlinear1_nma_abrupt_01.csv,nonlinear,nonlinear1_nma,nma,abrupt,12000,3000,"[3000, 6000, 9000]",0,"[{""parameters"": [0.9, -0.2, 0.8, -0.5], ""sigma2"": 0.5}, {""parameters"": [-0.3, 1.4, 0.4, -0.5], ""sigma2"": 1.5}, {""parameters"": [1.5, -0.4, -0.3, 0.2], ""sigma2"": 2.5}, {""parameters"": [-0.1, 1.4, 0.4, -0.7], ""sigma2"": 3.5}]"
nonlinear_nonlinear1_nma_abrupt_02.csv,nonlinear,nonlinear1_nma,nma,abrupt,12000,3000,"[3000, 6000, 9000]",0,"[{""parameters"": [0.9, -0.2, 0.8, -0.5], ""sigma2"": 0.5}, {""parameters"": [-0.3, 1.4, 0.4, -0.5], ""sigma2"": 1.5}, {""parameters"": [1.5, -0.4, -0.3, 0.2], ""sigma2"": 2.5}, {""parameters"": [-0.1, 1.4, 0.4, -0.7], ""sigma2"": 3.5}]"
nonlinear_nonlinear1_nma_abrupt_03.csv,nonlinear,nonlinear1_nma,nma,abrupt,12000,3000,"[3000, 6000, 9000]",0,"[{""parameters"": [0.9, -0.2, 0.8, -0.5], ""sigma2"": 0.5}, {""parameters"": [-0.3, 1.4, 0.4, -0.5], ""sigma2"": 1.5}, {""parameters"": [1.5, -0.4, -0.3, 0.2], ""sigma2"": 2.5}, {""parameters"": [-0.1, 1.4, 0.4, -0.7], ""sigma2"": 3.5}]"
nonlinear_nonlinear1_nma_abrupt_04.csv,nonlinear,nonlinear1_nma,nma,abrupt,12000,3000,"[3000, 6000, 9000]",0,"[{""parameters"": [0.9, -0.2, 0.8, -0.5], ""sigma2"": 0.5}, {""parameters"": [-0.3, 1.4, 0.4, -0.5], ""sigma2"": 1.5}, {""parameters"": [1.5, -0.4, -0.3, 0.2], ""sigma2"": 2.5}, {""parameters"": [-0.1, 1.4, 0.4, -0.7], ""sigma2"": 3.5}]"
nonlinear_nonlinear1_nma_abrupt_05.csv,nonlinear,nonlinear1_nma,nma,abrupt,12000,3000,"[3000, 6000, 9000]",0,"[{""parameters"": [0.9, -0.2, 0.8, -0.5], ""sigma2"": 0.5}, {""parameters"": [-0.3, 1.4, 0.4, -0.5], ""sigma2"": 1.5}, {""parameters"": [1.5, -0.4, -0.3, 0.2], ""sigma2"": 2.5}, {""parameters"": [-0.1, 1.4, 0.4, -0.7], ""sigma2"": 3.5}]"
nonlinear_nonlinear1_nma_abrupt_06.csv,nonlinear,nonlinear1_nma,nma,abrupt,12000,3000,"[3000, 6000, 9000]",0,"[{""parameters"": [0.9, -0.2, 0.8, -0.5], ""sigma2"": 0.5}, {""parameters"": [-0.3, 1.4, 0.4, -0.5], ""sigma2"": 1.5}, {""parameters"": [1.5, -0.4, -0.3, 0.2], ""sigma2"": 2.5}, {""parameters"": [-0.1, 1.4, 0.4, -0.7], ""sigma2"": 3.5}]"
nonlinear_nonlinear1_nma_abrupt_07.csv,nonlinear,nonlinear1_nma,nma,abrupt,12000,3000,"[3000, 6000, 9000]",0,"[{""parameters"": [0.9, -0.2, 0.8, -0.5], ""sigma2"": 0.5}, {""parameters"": [-0.3, 1.4, 0.4, -0.5], ""sigma2"": 1.5}, {""parameters"": [1.5, -0.4, -0.3, 0.2], ""sigma2"": 2.5}, {""parameters"": [-0.1, 1.4, 0.4, -0.7], ""sigma2"": 3.5}]"
nonlinear_nonlinear1_nma_abrupt_08.csv,nonlinear,nonlinear1_nma,nma,abrupt,12000,3000,"[3000, 6000, 9000]",0,"[{""parameters"": [0.9, -0.2, 0.8, -0.5], ""sigma2"": 0.5}, {""parameters"": [-0.3, 1.4, 0.4, -0.5], ""sigma2"": 1.5}, {""parameters"": [1.5, -0.4, -0.3, 0.2], ""sigma2"": 2.5}, {""parameters"": [-0.1, 1.4, 0.4, -0.7], ""sigma2"": 3.5}]"
nonlinear_nonlinear1_nma_abrupt_09.csv,nonlinear,nonlinear1_nma,nma,abrupt,12000,3000,"[3000, 6000, 9000]",0,"[{""parameters"": [0.9, -0.2, 0.8, -0.5], ""sigma2"": 0.5}, {""parameters"": [-0.3, 1.4, 0.4, -0.5], ""sigma2"": 1.5}, {""parameters"": [1.5, -0.4, -0.3, 0.2], ""sigma2"": 2.5}, {""parameters"": [-0.1, 1.4, 0.4, -0.7], ""sigma2"": 3.5}]"
nonlinear_nonlinear1_nma_abrupt_10.csv,nonlinear,nonlinear1_nma,nma,abrupt,12000,3000,"[3000, 6000, 9000]",0,"[{""parameters"": [0.9, -0.2, 0.8, -0.5], ""sigma2"": 0.5}, {""parameters"": [-0.3, 1.4, 0.4, -0.5], ""sigma2"": 1.5}, {""parameters"": [1.5, -0.4, -0.3, 0.2], ""sigma2"": 2.5}, {""parameters"": [-0.1, 1.4, 0.4, -0.7], ""sigma2"": 3.5}]"
nonlinear_nonlinear1_nma_abrupt_11.csv,nonlinear,nonlinear1_nma,nma,abrupt,12000,3000,"[3000, 6000, 9000]",0,"[{""parameters"": [0.9, -0.2, 0.8, -0.5], ""sigma2"": 0.5}, {""parameters"": [-0.3, 1.4, 0.4, -0.5], ""sigma2"": 1.5}, {""parameters"": [1.5, -0.4, -0.3, 0.2], ""sigma2"": 2.5}, {""parameters"": [-0.1, 1.4, 0.4, -0.7], ""sigma2"": 3.5}]"
nonlinear_nonlinear1_nma_abrupt_12.csv,nonlinear,nonlinear1_nma,nma,abrupt,12000,3000,"[3000, 6000, 9000]",0,"[{""parameters"": [0.9, -0.2, 0.8, -0.5], ""sigma2"": 0.5}, {""parameters"": [-0.3, 1.4, 0.4, -0.5], ""sigma2"": 1.5}, {""parameters"": [1.5, -0.4, -0.3, 0.2], ""sigma2"": 2.5}, {""parameters"": [-0.1, 1.4, 0.4, -0.7], ""sigma2"": 3.5}]"
nonlinear_nonlinear1_nma_abrupt_13.csv,nonlinear,nonlinear1_nma,nma,abrupt,12000,3000,"[3000, 6000, 9000]",0,"[{""parameters"": [0.9, -0.2, 0.8, -0.5], ""sigma2"": 0.5}, {""parameters"": [-0.3, 1.4, 0.4, -0.5], ""sigma2"": 1.5}, {""parameters"": [1.5, -0.4, -0.3, 0.2], ""sigma2"": 2.5}, {""parameters"": [-0.1, 1.4, 0.4, -0.7], ""sigma2"": 3.5}]"
nonlinear_nonlinear1_nma_abrupt_14.csv,nonlinear,nonlinear1_nma,nma,abrupt,12000,3000,"[3000, 6000, 9000]",0,"[{""parameters"": [0.9, -0.2, 0.8, -0.5], ""sigma2"": 0.5}, {""parameters"": [-0.3, 1.4, 0.4, -0.5], ""sigma2"": 1.5}, {""parameters"": [1.5, -0.4, -0.3, 0.2], ""sigma2"": 2.5}, {""parameters"": [-0.1, 1.4, 0.4, -0.7], ""sigma2"": 3.5}]"
nonlinear_nonlinear1_nma_abrupt_15.csv,nonlinear,nonlinear1_nma,nma,abrupt,12000,3000,"[3000, 6000, 9000]",0,"[{""parameters"": [0.9, -0.2, 0.8, -0.5], ""sigma2"": 0.5}, {""parameters"": [-0.3, 1.4, 0.4, -0.5], ""sigma2"": 1.5}, {""parameters"": [1.5, -0.4, -0.3, 0.2], ""sigma2"": 2.5}, {""parameters"": [-0.1, 1.4, 0.4, -0.7], ""sigma2"": 3.5}]"
nonlinear_nonlinear1_nma_abrupt_16.csv,nonlinear,nonlinear1_nma,nma,abrupt,12000,3000,"[3000, 6000, 9000]",0,"[{""parameters"": [0.9, -0.2, 0.8, -0.5], ""sigma2"": 0.5}, {""parameters"": [-0.3, 1.4, 0.4, -0.5], ""sigma2"": 1.5}, {""parameters"": [1.5, -0.4, -0.3, 0.2], ""sigma2"": 2.5}, {""parameters"": [-0.1, 1.4, 0.4, -0.7], ""sigma2"": 3.5}]"
nonlinear_nonlinear1_nma_abrupt_17.csv,nonlinear,nonlinear1_nma,nma,abrupt,12000,3000,"[3000, 6000, 9000]",0,"[{""parameters"": [0.9, -0.2, 0.8, -0.5], ""sigma2"": 0.5}, {""parameters"": [-0.3, 1.4, 0.4, -0.5], ""sigma2"": 1.5}, {""parameters"": [1.5, -0.4, -0.3, 0.2], ""sigma2"": 2.5}, {""parameters"": [-0.1, 1.4, 0.4, -0.7], ""sigma2"": 3.5}]"
nonlinear_nonlinear1_nma_abrupt_18.csv,nonlinear,nonlinear1_nma,nma,abrupt,12000,3000,"[3000, 6000, 9000]",0,"[{""parameters"": [0.9, -0.2, 0.8, -0.5], ""sigma2"": 0.5}, {""parameters"": [-0.3, 1.4, 0.4, -0.5], ""sigma2"": 1.5}, {""parameters"": [1.5, -0.4, -0.3, 0.2], ""sigma2"": 2.5}, {""parameters"": [-0.1, 1.4, 0.4, -0.7], ""sigma2"": 3.5}]"
nonlinear_nonlinear1_nma_abrupt_19.csv,nonlinear,nonlinear1_nma,nma,abrupt,12000,3000,"[3000, 6000, 9000]",0,"[{""parameters"": [0.9, -0.2, 0.8, -0.5], ""sigma2"": 0.5}, {""parameters"": [-0.3, 1.4, 0.4, -0.5], ""sigma2"": 1.5}, {""parameters"": [1.5, -0.4, -0.3, 0.2], ""sigma2"": 2.5}, {""parameters"": [-0.1, 1.4, 0.4, -0.7], ""sigma2"": 3.5}]"
nonlinear_nonlinear1_nma_abrupt_20.csv,nonlinear,nonlinear1_nma,nma,abrupt,12000,3000,"[3000, 6000, 9000]",0,"[{""parameters"": [0.9, -0.2, 0.8, -0.5], ""sigma2"": 0.5}, {""parameters"": [-0.3, 1.4, 0.4, -0.5], ""sigma2"": 1.5}, {""parameters"": [1.5, -0.4, -0.3, 0.2], ""sigma2"": 2.5}, {""parameters"": [-0.1, 1.4, 0.4, -0.7], ""sigma2"": 3.5}]"
nonlinear_nonlinear1_nma_gradual_01.csv,nonlinear,nonlinear1_nma,nma,gradual,12000,3000,"[3000, 6000, 9000]",300,"[{""parameters"": [0.9, -0.2, 0.8, -0.5], ""sigma2"": 0.5}, {""parameters"": [-0.3, 1.4, 0.4, -0.5], ""sigma2"": 1.5}, {""parameters"": [1.5, -0.4, -0.3, 0.2], ""sigma2"": 2.5}, {""parameters"": [-0.1, 1.4, 0.4, -0.7], ""sigma2"": 3.5}]"
nonlinear_nonlinear1_nma_gradual_02.csv,nonlinear,nonlinear1_nma,nma,gradual,12000,3000,"[3000, 6000, 9000]",300,"[{""parameters"": [0.9, -0.2, 0.8, -0.5], ""sigma2"": 0.5}, {""parameters"": [-0.3, 1.4, 0.4, -0.5], ""sigma2"": 1.5}, {""parameters"": [1.5, -0.4, -0.3, 0.2], ""sigma2"": 2.5}, {""parameters"": [-0.1, 1.4, 0.4, -0.7], ""sigma2"": 3.5}]"
nonlinear_nonlinear1_nma_gradual_03.csv,nonlinear,nonlinear1_nma,nma,gradual,12000,3000,"[3000, 6000, 9000]",300,"[{""parameters"": [0.9, -0.2, 0.8, -0.5], ""sigma2"": 0.5}, {""parameters"": [-0.3, 1.4, 0.4, -0.5], ""sigma2"": 1.5}, {""parameters"": [1.5, -0.4, -0.3, 0.2], ""sigma2"": 2.5}, {""parameters"": [-0.1, 1.4, 0.4, -0.7], ""sigma2"": 3.5}]"
nonlinear_nonlinear1_nma_gradual_04.csv,nonlinear,nonlinear1_nma,nma,gradual,12000,3000,"[3000, 6000, 9000]",300,"[{""parameters"": [0.9, -0.2, 0.8, -0.5], ""sigma2"": 0.5}, {""parameters"": [-0.3, 1.4, 0.4, -0.5], ""sigma2"": 1.5}, {""parameters"": [1.5, -0.4, -0.3, 0.2], ""sigma2"": 2.5}, {""parameters"": [-0.1, 1.4, 0.4, -0.7], ""sigma2"": 3.5}]"
nonlinear_nonlinear1_nma_gradual_05.csv,nonlinear,nonlinear1_nma,nma,gradual,12000,3000,"[3000, 6000, 9000]",300,"[{""parameters"": [0.9, -0.2, 0.8, -0.5], ""sigma2"": 0.5}, {""parameters"": [-0.3, 1.4, 0.4, -0.5], ""sigma2"": 1.5}, {""parameters"": [1.5, -0.4, -0.3, 0.2], ""sigma2"": 2.5}, {""parameters"": [-0.1, 1.4, 0.4, -0.7], ""sigma2"": 3.5}]"
nonlinear_nonlinear1_nma_gradual_06.csv,nonlinear,nonlinear1_nma,nma,gradual,12000,3000,"[3000, 6000, 9000]",300,"[{""parameters"": [0.9, -0.2, 0.8, -0.5], ""sigma2"": 0.5}, {""parameters"": [-0.3, 1.4, 0.4, -0.5], ""sigma2"": 1.5}, {""parameters"": [1.5, -0.4, -0.3, 0.2], ""sigma2"": 2.5}, {""parameters"": [-0.1, 1.4, 0.4, -0.7], ""sigma2"": 3.5}]"
nonlinear_nonlinear1_nma_gradual_07.csv,nonlinear,nonlinear1_nma,nma,gradual,12000,3000,"[3000, 6000, 9000]",300,"[{""parameters"": [0.9, -0.2, 0.8, -0.5], ""sigma2"": 0.5}, {""parameters"": [-0.3, 1.4, 0.4, -0.5], ""sigma2"": 1.5}, {""parameters"": [1.5, -0.4, -0.3, 0.2], ""sigma2"": 2.5}, {""parameters"": [-0.1, 1.4, 0.4, -0.7], ""sigma2"": 3.5}]"
nonlinear_nonlinear1_nma_gradual_08.csv,nonlinear,nonlinear1_nma,nma,gradual,12000,3000,"[3000, 6000, 9000]",300,"[{""parameters"": [0.9, -0.2, 0.8, -0.5], ""sigma2"": 0.5}, {""parameters"": [-0.3, 1.4, 0.4, -0.5], ""sigma2"": 1.5}, {""parameters"": [1.5, -0.4, -0.3, 0.2], ""sigma2"": 2.5}, {""parameters"": [-0.1, 1.4, 0.4, -0.7], ""sigma2"": 3.5}]"
nonlinear_nonlinear1_nma_gradual_09.csv,nonlinear,nonlinear1_nma,nma,gradual,12000,3000,"[3000, 6000, 9000]",300,"[{""parameters"": [0.9, -0.2, 0.8, -0.5], ""sigma2"": 0.5}, {""parameters"": [-0.3, 1.4, 0.4, -0.5], ""sigma2"": 1.5}, {""parameters"": [1.5, -0.4, -0.3, 0.2], ""sigma2"": 2.5}, {""parameters"": [-0.1, 1.4, 0.4, -0.7], ""sigma2"": 3.5}]"
nonlinear_nonlinear1_nma_gradual_10.csv,nonlinear,nonlinear1_nma,nma,gradual,12000,3000,"[3000, 6000, 9000]",300,"[{""parameters"": [0.9, -0.2, 0.8, -0.5], ""sigma2"": 0.5}, {""parameters"": [-0.3, 1.4, 0.4, -0.5], ""sigma2"": 1.5}, {""parameters"": [1.5, -0.4, -0.3, 0.2], ""sigma2"": 2.5}, {""parameters"": [-0.1, 1.4, 0.4, -0.7], ""sigma2"": 3.5}]"
nonlinear_nonlinear1_nma_gradual_11.csv,nonlinear,nonlinear1_nma,nma,gradual,12000,3000,"[3000, 6000, 9000]",300,"[{""parameters"": [0.9, -0.2, 0.8, -0.5], ""sigma2"": 0.5}, {""parameters"": [-0.3, 1.4, 0.4, -0.5], ""sigma2"": 1.5}, {""parameters"": [1.5, -0.4, -0.3, 0.2], ""sigma2"": 2.5}, {""parameters"": [-0.1, 1.4, 0.4, -0.7], ""sigma2"": 3.5}]"
nonlinear_nonlinear1_nma_gradual_12.csv,nonlinear,nonlinear1_nma,nma,gradual,12000,3000,"[3000, 6000, 9000]",300,"[{""parameters"": [0.9, -0.2, 0.8, -0.5], ""sigma2"": 0.5}, {""parameters"": [-0.3, 1.4, 0.4, -0.5], ""sigma2"": 1.5}, {""parameters"": [1.5, -0.4, -0.3, 0.2], ""sigma2"": 2.5}, {""parameters"": [-0.1, 1.4, 0.4, -0.7], ""sigma2"": 3.5}]"
nonlinear_nonlinear1_nma_gradual_13.csv,nonlinear,nonlinear1_nma,nma,gradual,12000,3000,"[3000, 6000, 9000]",300,"[{""parameters"": [0.9, -0.2, 0.8, -0.5], ""sigma2"": 0.5}, {""parameters"": [-0.3, 1.4, 0.4, -0.5], ""sigma2"": 1.5}, {""parameters"": [1.5, -0.4, -0.3, 0.2], ""sigma2"": 2.5}, {""parameters"": [-0.1, 1.4, 0.4, -0.7], ""sigma2"": 3.5}]"
nonlinear_nonlinear1_nma_gradual_14.csv,nonlinear,nonlinear1_nma,nma,gradual,12000,3000,"[3000, 6000, 9000]",300,"[{""parameters"": [0.9, -0.2, 0.8, -0.5], ""sigma2"": 0.5}, {""parameters"": [-0.3, 1.4, 0.4, -0.5], ""sigma2"": 1.5}, {""parameters"": [1.5, -0.4, -0.3, 0.2], ""sigma2"": 2.5}, {""parameters"": [-0.1, 1.4, 0.4, -0.7], ""sigma2"": 3.5}]"
nonlinear_nonlinear1_nma_gradual_15.csv,nonlinear,nonlinear1_nma,nma,gradual,12000,3000,"[3000, 6000, 9000]",300,"[{""parameters"": [0.9, -0.2, 0.8, -0.5], ""sigma2"": 0.5}, {""parameters"": [-0.3, 1.4, 0.4, -0.5], ""sigma2"": 1.5}, {""parameters"": [1.5, -0.4, -0.3, 0.2], ""sigma2"": 2.5}, {""parameters"": [-0.1, 1.4, 0.4, -0.7], ""sigma2"": 3.5}]"
nonlinear_nonlinear1_nma_gradual_16.csv,nonlinear,nonlinear1_nma,nma,gradual,12000,3000,"[3000, 6000, 9000]",300,"[{""parameters"": [0.9, -0.2, 0.8, -0.5], ""sigma2"": 0.5}, {""parameters"": [-0.3, 1.4, 0.4, -0.5], ""sigma2"": 1.5}, {""parameters"": [1.5, -0.4, -0.3, 0.2], ""sigma2"": 2.5}, {""parameters"": [-0.1, 1.4, 0.4, -0.7], ""sigma2"": 3.5}]"
nonlinear_nonlinear1_nma_gradual_17.csv,nonlinear,nonlinear1_nma,nma,gradual,12000,3000,"[3000, 6000, 9000]",300,"[{""parameters"": [0.9, -0.2, 0.8, -0.5], ""sigma2"": 0.5}, {""parameters"": [-0.3, 1.4, 0.4, -0.5], ""sigma2"": 1.5}, {""parameters"": [1.5, -0.4, -0.3, 0.2], ""sigma2"": 2.5}, {""parameters"": [-0.1, 1.4, 0.4, -0.7], ""sigma2"": 3.5}]"
nonlinear_nonlinear1_nma_gradual_18.csv,nonlinear,nonlinear1_nma,nma,gradual,12000,3000,"[3000, 6000, 9000]",300,"[{""parameters"": [0.9, -0.2, 0.8, -0.5], ""sigma2"": 0.5}, {""parameters"": [-0.3, 1.4, 0.4, -0.5], ""sigma2"": 1.5}, {""parameters"": [1.5, -0.4, -0.3, 0.2], ""sigma2"": 2.5}, {""parameters"": [-0.1, 1.4, 0.4, -0.7], ""sigma2"": 3.5}]"
nonlinear_nonlinear1_nma_gradual_19.csv,nonlinear,nonlinear1_nma,nma,gradual,12000,3000,"[3000, 6000, 9000]",300,"[{""parameters"": [0.9, -0.2, 0.8, -0.5], ""sigma2"": 0.5}, {""parameters"": [-0.3, 1.4, 0.4, -0.5], ""sigma2"": 1.5}, {""parameters"": [1.5, -0.4, -0.3, 0.2], ""sigma2"": 2.5}, {""parameters"": [-0.1, 1.4, 0.4, -0.7], ""sigma2"": 3.5}]"
nonlinear_nonlinear1_nma_gradual_20.csv,nonlinear,nonlinear1_nma,nma,gradual,12000,3000,"[3000, 6000, 9000]",300,"[{""parameters"": [0.9, -0.2, 0.8, -0.5], ""sigma2"": 0.5}, {""parameters"": [-0.3, 1.4, 0.4, -0.5], ""sigma2"": 1.5}, {""parameters"": [1.5, -0.4, -0.3, 0.2], ""sigma2"": 2.5}, {""parameters"": [-0.1, 1.4, 0.4, -0.7], ""sigma2"": 3.5}]"
nonlinear_nonlinear2_star1_abrupt_01.csv,nonlinear,nonlinear2_star1,star1,abrupt,12000,3000,"[3000, 6000, 9000]",0,"[{""parameters"": [0.9, -0.2, 0.8, -0.5], ""sigma2"": 0.5}, {""parameters"": [-0.3, 1.4, 0.4, -0.5], ""sigma2"": 1.5}, {""parameters"": [1.5, -0.4, -0.3, 0.2], ""sigma2"": 2.5}, {""parameters"": [-0.1, 1.4, 0.4, -0.7], ""sigma2"": 3.5}]"
nonlinear_nonlinear2_star1_abrupt_02.csv,nonlinear,nonlinear2_star1,star1,abrupt,12000,3000,"[3000, 6000, 9000]",0,"[{""parameters"": [0.9, -0.2, 0.8, -0.5], ""sigma2"": 0.5}, {""parameters"": [-0.3, 1.4, 0.4, -0.5], ""sigma2"": 1.5}, {""parameters"": [1.5, -0.4, -0.3, 0.2], ""sigma2"": 2.5}, {""parameters"": [-0.1, 1.4, 0.4, -0.7], ""sigma2"": 3.5}]"
nonlinear_nonlinear2_star1_abrupt_03.csv,nonlinear,nonlinear2_star1,star1,abrupt,12000,3000,"[3000, 6000, 9000]",0,"[{""parameters"": [0.9, -0.2, 0.8, -0.5], ""sigma2"": 0.5}, {""parameters"": [-0.3, 1.4, 0.4, -0.5], ""sigma2"": 1.5}, {""parameters"": [1.5, -0.4, -0.3, 0.2], ""sigma2"": 2.5}, {""parameters"": [-0.1, 1.4, 0.4, -0.7], ""sigma2"": 3.5}]"
nonlinear_nonlinear2_star1_abrupt_04.csv,nonlinear,nonlinear2_star1,star1,abrupt,12000,3000,"[3000, 6000, 9000]",0,"[{""parameters"": [0.9, -0.2, 0.8, -0.5], ""sigma2"": 0.5}, {""parameters"": [-0.3, 1.4, 0.4, -0.5], ""sigma2"": 1.5}, {""parameters"": [1.5, -0.4, -0.3, 0.2], ""sigma2"": 2.5}, {""parameters"": [-0.1, 1.4, 0.4, -0.7], ""sigma2"": 3.5}]"
nonlinear_nonlinear2_star1_abrupt_05.csv,nonlinear,nonlinear2_star1,star1,abrupt,12000,3000,"[3000, 6000, 9000]",0,"[{""parameters"": [0.9, -0.2, 0.8, -0.5], ""sigma2"": 0.5}, {""parameters"": [-0.3, 1.4, 0.4, -0.5], ""sigma2"": 1.5}, {""parameters"": [1.5, -0.4, -0.3, 0.2], ""sigma2"": 2.5}, {""parameters"": [-0.1, 1.4, 0.4, -0.7], ""sigma2"": 3.5}]"
nonlinear_nonlinear2_star1_abrupt_06.csv,nonlinear,nonlinear2_star1,star1,abrupt,12000,3000,"[3000, 6000, 9000]",0,"[{""parameters"": [0.9, -0.2, 0.8, -0.5], ""sigma2"": 0.5}, {""parameters"": [-0.3, 1.4, 0.4, -0.5], ""sigma2"": 1.5}, {""parameters"": [1.5, -0.4, -0.3, 0.2], ""sigma2"": 2.5}, {""parameters"": [-0.1, 1.4, 0.4, -0.7], ""sigma2"": 3.5}]"
nonlinear_nonlinear2_star1_abrupt_07.csv,nonlinear,nonlinear2_star1,star1,abrupt,12000,3000,"[3000, 6000, 9000]",0,"[{""parameters"": [0.9, -0.2, 0.8, -0.5], ""sigma2"": 0.5}, {""parameters"": [-0.3, 1.4, 0.4, -0.5], ""sigma2"": 1.5}, {""parameters"": [1.5, -0.4, -0.3, 0.2], ""sigma2"": 2.5}, {""parameters"": [-0.1, 1.4, 0.4, -0.7], ""sigma2"": 3.5}]"
nonlinear_nonlinear2_star1_abrupt_08.csv,nonlinear,nonlinear2_star1,star1,abrupt,12000,3000,"[3000, 6000, 9000]",0,"[{""parameters"": [0.9, -0.2, 0.8, -0.5], ""sigma2"": 0.5}, {""parameters"": [-0.3, 1.4, 0.4, -0.5], ""sigma2"": 1.5}, {""parameters"": [1.5, -0.4, -0.3, 0.2], ""sigma2"": 2.5}, {""parameters"": [-0.1, 1.4, 0.4, -0.7], ""sigma2"": 3.5}]"
nonlinear_nonlinear2_star1_abrupt_09.csv,nonlinear,nonlinear2_star1,star1,abrupt,12000,3000,"[3000, 6000, 9000]",0,"[{""parameters"": [0.9, -0.2, 0.8, -0.5], ""sigma2"": 0.5}, {""parameters"": [-0.3, 1.4, 0.4, -0.5], ""sigma2"": 1.5}, {""parameters"": [1.5, -0.4, -0.3, 0.2], ""sigma2"": 2.5}, {""parameters"": [-0.1, 1.4, 0.4, -0.7], ""sigma2"": 3.5}]"
nonlinear_nonlinear2_star1_abrupt_10.csv,nonlinear,nonlinear2_star1,star1,abrupt,12000,3000,"[3000, 6000, 9000]",0,"[{""parameters"": [0.9, -0.2, 0.8, -0.5], ""sigma2"": 0.5}, {""parameters"": [-0.3, 1.4, 0.4, -0.5], ""sigma2"": 1.5}, {""parameters"": [1.5, -0.4, -0.3, 0.2], ""sigma2"": 2.5}, {""parameters"": [-0.1, 1.4, 0.4, -0.7], ""sigma2"": 3.5}]"
nonlinear_nonlinear2_star1_abrupt_11.csv,nonlinear,nonlinear2_star1,star1,abrupt,12000,3000,"[3000, 6000, 9000]",0,"[{""parameters"": [0.9, -0.2, 0.8, -0.5], ""sigma2"": 0.5}, {""parameters"": [-0.3, 1.4, 0.4, -0.5], ""sigma2"": 1.5}, {""parameters"": [1.5, -0.4, -0.3, 0.2], ""sigma2"": 2.5}, {""parameters"": [-0.1, 1.4, 0.4, -0.7], ""sigma2"": 3.5}]"
nonlinear_nonlinear2_star1_abrupt_12.csv,nonlinear,nonlinear2_star1,star1,abrupt,12000,3000,"[3000, 6000, 9000]",0,"[{""parameters"": [0.9, -0.2, 0.8, -0.5], ""sigma2"": 0.5}, {""parameters"": [-0.3, 1.4, 0.4, -0.5], ""sigma2"": 1.5}, {""parameters"": [1.5, -0.4, -0.3, 0.2], ""sigma2"": 2.5}, {""parameters"": [-0.1, 1.4, 0.4, -0.7], ""sigma2"": 3.5}]"
nonlinear_nonlinear2_star1_abrupt_13.csv,nonlinear,nonlinear2_star1,star1,abrupt,12000,3000,"[3000, 6000, 9000]",0,"[{""parameters"": [0.9, -0.2, 0.8, -0.5], ""sigma2"": 0.5}, {""parameters"": [-0.3, 1.4, 0.4, -0.5], ""sigma2"": 1.5}, {""parameters"": [1.5, -0.4, -0.3, 0.2], ""sigma2"": 2.5}, {""parameters"": [-0.1, 1.4, 0.4, -0.7], ""sigma2"": 3.5}]"
nonlinear_nonlinear2_star1_abrupt_14.csv,nonlinear,nonlinear2_star1,star1,abrupt,12000,3000,"[3000, 6000, 9000]",0,"[{""parameters"": [0.9, -0.2, 0.8, -0.5], ""sigma2"": 0.5}, {""parameters"": [-0.3, 1.4, 0.4, -0.5], ""sigma2"": 1.5}, {""parameters"": [1.5, -0.4, -0.3, 0.2], ""sigma2"": 2.5}, {""parameters"": [-0.1, 1.4, 0.4, -0.7], ""sigma2"": 3.5}]"
nonlinear_nonlinear2_star1_abrupt_15.csv,nonlinear,nonlinear2_star1,star1,abrupt,12000,3000,"[3000, 6000, 9000]",0,"[{""parameters"": [0.9, -0.2, 0.8, -0.5], ""sigma2"": 0.5}, {""parameters"": [-0.3, 1.4, 0.4, -0.5], ""sigma2"": 1.5}, {""parameters"": [1.5, -0.4, -0.3, 0.2], ""sigma2"": 2.5}, {""parameters"": [-0.1, 1.4, 0.4, -0.7], ""sigma2"": 3.5}]"
nonlinear_nonlinear2_star1_abrupt_16.csv,nonlinear,nonlinear2_star1,star1,abrupt,12000,3000,"[3000, 6000, 9000]",0,"[{""parameters"": [0.9, -0.2, 0.8, -0.5], ""sigma2"": 0.5}, {""parameters"": [-0.3, 1.4, 0.4, -0.5], ""sigma2"": 1.5}, {""parameters"": [1.5, -0.4, -0.3, 0.2], ""sigma2"": 2.5}, {""parameters"": [-0.1, 1.4, 0.4, -0.7], ""sigma2"": 3.5}]"
nonlinear_nonlinear2_star1_abrupt_17.csv,nonlinear,nonlinear2_star1,star1,abrupt,12000,3000,"[3000, 6000, 9000]",0,"[{""parameters"": [0.9, -0.2, 0.8, -0.5], ""sigma2"": 0.5}, {""parameters"": [-0.3, 1.4, 0.4, -0.5], ""sigma2"": 1.5}, {""parameters"": [1.5, -0.4, -0.3, 0.2], ""sigma2"": 2.5}, {""parameters"": [-0.1, 1.4, 0.4, -0.7], ""sigma2"": 3.5}]"
nonlinear_nonlinear2_star1_abrupt_18.csv,nonlinear,nonlinear2_star1,star1,abrupt,12000,3000,"[3000, 6000, 9000]",0,"[{""parameters"": [0.9, -0.2, 0.8, -0.5], ""sigma2"": 0.5}, {""parameters"": [-0.3, 1.4, 0.4, -0.5], ""sigma2"": 1.5}, {""parameters"": [1.5, -0.4, -0.3, 0.2], ""sigma2"": 2.5}, {""parameters"": [-0.1, 1.4, 0.4, -0.7], ""sigma2"": 3.5}]"
nonlinear_nonlinear2_star1_abrupt_19.csv,nonlinear,nonlinear2_star1,star1,abrupt,12000,3000,"[3000, 6000, 9000]",0,"[{""parameters"": [0.9, -0.2, 0.8, -0.5], ""sigma2"": 0.5}, {""parameters"": [-0.3, 1.4, 0.4, -0.5], ""sigma2"": 1.5}, {""parameters"": [1.5, -0.4, -0.3, 0.2], ""sigma2"": 2.5}, {""parameters"": [-0.1, 1.4, 0.4, -0.7], ""sigma2"": 3.5}]"
nonlinear_nonlinear2_star1_abrupt_20.csv,nonlinear,nonlinear2_star1,star1,abrupt,12000,3000,"[3000, 6000, 9000]",0,"[{""parameters"": [0.9, -0.2, 0.8, -0.5], ""sigma2"": 0.5}, {""parameters"": [-0.3, 1.4, 0.4, -0.5], ""sigma2"": 1.5}, {""parameters"": [1.5, -0.4, -0.3, 0.2], ""sigma2"": 2.5}, {""parameters"": [-0.1, 1.4, 0.4, -0.7], ""sigma2"": 3.5}]"
nonlinear_nonlinear2_star1_gradual_01.csv,nonlinear,nonlinear2_star1,star1,gradual,12000,3000,"[3000, 6000, 9000]",300,"[{""parameters"": [0.9, -0.2, 0.8, -0.5], ""sigma2"": 0.5}, {""parameters"": [-0.3, 1.4, 0.4, -0.5], ""sigma2"": 1.5}, {""parameters"": [1.5, -0.4, -0.3, 0.2], ""sigma2"": 2.5}, {""parameters"": [-0.1, 1.4, 0.4, -0.7], ""sigma2"": 3.5}]"
nonlinear_nonlinear2_star1_gradual_02.csv,nonlinear,nonlinear2_star1,star1,gradual,12000,3000,"[3000, 6000, 9000]",300,"[{""parameters"": [0.9, -0.2, 0.8, -0.5], ""sigma2"": 0.5}, {""parameters"": [-0.3, 1.4, 0.4, -0.5], ""sigma2"": 1.5}, {""parameters"": [1.5, -0.4, -0.3, 0.2], ""sigma2"": 2.5}, {""parameters"": [-0.1, 1.4, 0.4, -0.7], ""sigma2"": 3.5}]"
nonlinear_nonlinear2_star1_gradual_03.csv,nonlinear,nonlinear2_star1,star1,gradual,12000,3000,"[3000, 6000, 9000]",300,"[{""parameters"": [0.9, -0.2, 0.8, -0.5], ""sigma2"": 0.5}, {""parameters"": [-0.3, 1.4, 0.4, -0.5], ""sigma2"": 1.5}, {""parameters"": [1.5, -0.4, -0.3, 0.2], ""sigma2"": 2.5}, {""parameters"": [-0.1, 1.4, 0.4, -0.7], ""sigma2"": 3.5}]"
nonlinear_nonlinear2_star1_gradual_04.csv,nonlinear,nonlinear2_star1,star1,gradual,12000,3000,"[3000, 6000, 9000]",300,"[{""parameters"": [0.9, -0.2, 0.8, -0.5], ""sigma2"": 0.5}, {""parameters"": [-0.3, 1.4, 0.4, -0.5], ""sigma2"": 1.5}, {""parameters"": [1.5, -0.4, -0.3, 0.2], ""sigma2"": 2.5}, {""parameters"": [-0.1, 1.4, 0.4, -0.7], ""sigma2"": 3.5}]"
nonlinear_nonlinear2_star1_gradual_05.csv,nonlinear,nonlinear2_star1,star1,gradual,12000,3000,"[3000, 6000, 9000]",300,"[{""parameters"": [0.9, -0.2, 0.8, -0.5], ""sigma2"": 0.5}, {""parameters"": [-0.3, 1.4, 0.4, -0.5], ""sigma2"": 1.5}, {""parameters"": [1.5, -0.4, -0.3, 0.2], ""sigma2"": 2.5}, {""parameters"": [-0.1, 1.4, 0.4, -0.7], ""sigma2"": 3.5}]"
nonlinear_nonlinear2_star1_gradual_06.csv,nonlinear,nonlinear2_star1,star1,gradual,12000,3000,"[3000, 6000, 9000]",300,"[{""parameters"": [0.9, -0.2, 0.8, -0.5], ""sigma2"": 0.5}, {""parameters"": [-0.3, 1.4, 0.4, -0.5], ""sigma2"": 1.5}, {""parameters"": [1.5, -0.4, -0.3, 0.2], ""sigma2"": 2.5}, {""parameters"": [-0.1, 1.4, 0.4, -0.7], ""sigma2"": 3.5}]"
nonlinear_nonlinear2_star1_gradual_07.csv,nonlinear,nonlinear2_star1,star1,gradual,12000,3000,"[3000, 6000, 9000]",300,"[{""parameters"": [0.9, -0.2, 0.8, -0.5], ""sigma2"": 0.5}, {""parameters"": [-0.3, 1.4, 0.4, -0.5], ""sigma2"": 1.5}, {""parameters"": [1.5, -0.4, -0.3, 0.2], ""sigma2"": 2.5}, {""parameters"": [-0.1, 1.4, 0.4, -0.7], ""sigma2"": 3.5}]"
nonlinear_nonlinear2_star1_gradual_08.csv,nonlinear,nonlinear2_star1,star1,gradual,12000,3000,"[3000, 6000, 9000]",300,"[{""parameters"": [0.9, -0.2, 0.8, -0.5], ""sigma2"": 0.5}, {""parameters"": [-0.3, 1.4, 0.4, -0.5], ""sigma2"": 1.5}, {""parameters"": [1.5, -0.4, -0.3, 0.2], ""sigma2"": 2.5}, {""parameters"": [-0.1, 1.4, 0.4, -0.7], ""sigma2"": 3.5}]"
nonlinear_nonlinear2_star1_gradual_09.csv,nonlinear,nonlinear2_star1,star1,gradual,12000,3000,"[3000, 6000, 9000]",300,"[{""parameters"": [0.9, -0.2, 0.8, -0.5], ""sigma2"": 0.5}, {""parameters"": [-0.3, 1.4, 0.4, -0.5], ""sigma2"": 1.5}, {""parameters"": [1.5, -0.4, -0.3, 0.2], ""sigma2"": 2.5}, {""parameters"": [-0.1, 1.4, 0.4, -0.7], ""sigma2"": 3.5}]"
nonlinear_nonlinear2_star1_gradual_10.csv,nonlinear,nonlinear2_star1,star1,gradual,12000,3000,"[3000, 6000, 9000]",300,"[{""parameters"": [0.9, -0.2, 0.8, -0.5], ""sigma2"": 0.5}, {""parameters"": [-0.3, 1.4, 0.4, -0.5], ""sigma2"": 1.5}, {""parameters"": [1.5, -0.4, -0.3, 0.2], ""sigma2"": 2.5}, {""parameters"": [-0.1, 1.4, 0.4, -0.7], ""sigma2"": 3.5}]"
nonlinear_nonlinear2_star1_gradual_11.csv,nonlinear,nonlinear2_star1,star1,gradual,12000,3000,"[3000, 6000, 9000]",300,"[{""parameters"": [0.9, -0.2, 0.8, -0.5], ""sigma2"": 0.5}, {""parameters"": [-0.3, 1.4, 0.4, -0.5], ""sigma2"": 1.5}, {""parameters"": [1.5, -0.4, -0.3, 0.2], ""sigma2"": 2.5}, {""parameters"": [-0.1, 1.4, 0.4, -0.7], ""sigma2"": 3.5}]"
nonlinear_nonlinear2_star1_gradual_12.csv,nonlinear,nonlinear2_star1,star1,gradual,12000,3000,"[3000, 6000, 9000]",300,"[{""parameters"": [0.9, -0.2, 0.8, -0.5], ""sigma2"": 0.5}, {""parameters"": [-0.3, 1.4, 0.4, -0.5], ""sigma2"": 1.5}, {""parameters"": [1.5, -0.4, -0.3, 0.2], ""sigma2"": 2.5}, {""parameters"": [-0.1, 1.4, 0.4, -0.7], ""sigma2"": 3.5}]"
nonlinear_nonlinear2_star1_gradual_13.csv,nonlinear,nonlinear2_star1,star1,gradual,12000,3000,"[3000, 6000, 9000]",300,"[{""parameters"": [0.9, -0.2, 0.8, -0.5], ""sigma2"": 0.5}, {""parameters"": [-0.3, 1.4, 0.4, -0.5], ""sigma2"": 1.5}, {""parameters"": [1.5, -0.4, -0.3, 0.2], ""sigma2"": 2.5}, {""parameters"": [-0.1, 1.4, 0.4, -0.7], ""sigma2"": 3.5}]"
nonlinear_nonlinear2_star1_gradual_14.csv,nonlinear,nonlinear2_star1,star1,gradual,12000,3000,"[3000, 6000, 9000]",300,"[{""parameters"": [0.9, -0.2, 0.8, -0.5], ""sigma2"": 0.5}, {""parameters"": [-0.3, 1.4, 0.4, -0.5], ""sigma2"": 1.5}, {""parameters"": [1.5, -0.4, -0.3, 0.2], ""sigma2"": 2.5}, {""parameters"": [-0.1, 1.4, 0.4, -0.7], ""sigma2"": 3.5}]"
nonlinear_nonlinear2_star1_gradual_15.csv,nonlinear,nonlinear2_star1,star1,gradual,12000,3000,"[3000, 6000, 9000]",300,"[{""parameters"": [0.9, -0.2, 0.8, -0.5], ""sigma2"": 0.5}, {""parameters"": [-0.3, 1.4, 0.4, -0.5], ""sigma2"": 1.5}, {""parameters"": [1.5, -0.4, -0.3, 0.2], ""sigma2"": 2.5}, {""parameters"": [-0.1, 1.4, 0.4, -0.7], ""sigma2"": 3.5}]"
nonlinear_nonlinear2_star1_gradual_16.csv,nonlinear,nonlinear2_star1,star1,gradual,12000,3000,"[3000, 6000, 9000]",300,"[{""parameters"": [0.9, -0.2, 0.8, -0.5], ""sigma2"": 0.5}, {""parameters"": [-0.3, 1.4, 0.4, -0.5], ""sigma2"": 1.5}, {""parameters"": [1.5, -0.4, -0.3, 0.2], ""sigma2"": 2.5}, {""parameters"": [-0.1, 1.4, 0.4, -0.7], ""sigma2"": 3.5}]"
nonlinear_nonlinear2_star1_gradual_17.csv,nonlinear,nonlinear2_star1,star1,gradual,12000,3000,"[3000, 6000, 9000]",300,"[{""parameters"": [0.9, -0.2, 0.8, -0.5], ""sigma2"": 0.5}, {""parameters"": [-0.3, 1.4, 0.4, -0.5], ""sigma2"": 1.5}, {""parameters"": [1.5, -0.4, -0.3, 0.2], ""sigma2"": 2.5}, {""parameters"": [-0.1, 1.4, 0.4, -0.7], ""sigma2"": 3.5}]"
nonlinear_nonlinear2_star1_gradual_18.csv,nonlinear,nonlinear2_star1,star1,gradual,12000,3000,"[3000, 6000, 9000]",300,"[{""parameters"": [0.9, -0.2, 0.8, -0.5], ""sigma2"": 0.5}, {""parameters"": [-0.3, 1.4, 0.4, -0.5], ""sigma2"": 1.5}, {""parameters"": [1.5, -0.4, -0.3, 0.2], ""sigma2"": 2.5}, {""parameters"": [-0.1, 1.4, 0.4, -0.7], ""sigma2"": 3.5}]"
nonlinear_nonlinear2_star1_gradual_19.csv,nonlinear,nonlinear2_star1,star1,gradual,12000,3000,"[3000, 6000, 9000]",300,"[{""parameters"": [0.9, -0.2, 0.8, -0.5], ""sigma2"": 0.5}, {""parameters"": [-0.3, 1.4, 0.4, -0.5], ""sigma2"": 1.5}, {""parameters"": [1.5, -0.4, -0.3, 0.2], ""sigma2"": 2.5}, {""parameters"": [-0.1, 1.4, 0.4, -0.7], ""sigma2"": 3.5}]"
nonlinear_nonlinear2_star1_gradual_20.csv,nonlinear,nonlinear2_star1,star1,gradual,12000,3000,"[3000, 6000, 9000]",300,"[{""parameters"": [0.9, -0.2, 0.8, -0.5], ""sigma2"": 0.5}, {""parameters"": [-0.3, 1.4, 0.4, -0.5], ""sigma2"": 1.5}, {""parameters"": [1.5, -0.4, -0.3, 0.2], ""sigma2"": 2.5}, {""parameters"": [-0.1, 1.4, 0.4, -0.7], ""sigma2"": 3.5}]"
nonlinear_nonlinear3_star2_abrupt_01.csv,nonlinear,nonlinear3_star2,star2,abrupt,12000,3000,"[3000, 6000, 9000]",0,"[{""parameters"": [-0.5, 0.8, -0.2, 0.9], ""sigma2"": 0.5}, {""parameters"": [-0.5, 0.4, 1.4, -0.3], ""sigma2"": 1.5}, {""parameters"": [0.2, -0.3, -0.4, 1.5], ""sigma2"": 2.5}, {""parameters"": [-0.7, 0.4, 1.4, -0.1], ""sigma2"": 3.5}]"
nonlinear_nonlinear3_star2_abrupt_02.csv,nonlinear,nonlinear3_star2,star2,abrupt,12000,3000,"[3000, 6000, 9000]",0,"[{""parameters"": [-0.5, 0.8, -0.2, 0.9], ""sigma2"": 0.5}, {""parameters"": [-0.5, 0.4, 1.4, -0.3], ""sigma2"": 1.5}, {""parameters"": [0.2, -0.3, -0.4, 1.5], ""sigma2"": 2.5}, {""parameters"": [-0.7, 0.4, 1.4, -0.1], ""sigma2"": 3.5}]"
nonlinear_nonlinear3_star2_abrupt_03.csv,nonlinear,nonlinear3_star2,star2,abrupt,12000,3000,"[3000, 6000, 9000]",0,"[{""parameters"": [-0.5, 0.8, -0.2, 0.9], ""sigma2"": 0.5}, {""parameters"": [-0.5, 0.4, 1.4, -0.3], ""sigma2"": 1.5}, {""parameters"": [0.2, -0.3, -0.4, 1.5], ""sigma2"": 2.5}, {""parameters"": [-0.7, 0.4, 1.4, -0.1], ""sigma2"": 3.5}]"
nonlinear_nonlinear3_star2_abrupt_04.csv,nonlinear,nonlinear3_star2,star2,abrupt,12000,3000,"[3000, 6000, 9000]",0,"[{""parameters"": [-0.5, 0.8, -0.2, 0.9], ""sigma2"": 0.5}, {""parameters"": [-0.5, 0.4, 1.4, -0.3], ""sigma2"": 1.5}, {""parameters"": [0.2, -0.3, -0.4, 1.5], ""sigma2"": 2.5}, {""parameters"": [-0.7, 0.4, 1.4, -0.1], ""sigma2"": 3.5}]"
nonlinear_nonlinear3_star2_abrupt_05.csv,nonlinear,nonlinear3_star2,star2,abrupt,12000,3000,"[3000, 6000, 9000]",0,"[{""parameters"": [-0.5, 0.8, -0.2, 0.9], ""sigma2"": 0.5}, {""parameters"": [-0.5, 0.4, 1.4, -0.3], ""sigma2"": 1.5}, {""parameters"": [0.2, -0.3, -0.4, 1.5], ""sigma2"": 2.5}, {""parameters"": [-0.7, 0.4, 1.4, -0.1], ""sigma2"": 3.5}]"
nonlinear_nonlinear3_star2_abrupt_06.csv,nonlinear,nonlinear3_star2,star2,abrupt,12000,3000,"[3000, 6000, 9000]",0,"[{""parameters"": [-0.5, 0.8, -0.2, 0.9], ""sigma2"": 0.5}, {""parameters"": [-0.5, 0.4, 1.4, -0.3], ""sigma2"": 1.5}, {""parameters"": [0.2, -0.3, -0.4, 1.5], ""sigma2"": 2.5}, {""parameters"": [-0.7, 0.4, 1.4, -0.1], ""sigma2"": 3.5}]"
nonlinear_nonlinear3_star2_abrupt_07.csv,nonlinear,nonlinear3_star2,star2,abrupt,12000,3000,"[3000, 6000, 9000]",0,"[{""parameters"": [-0.5, 0.8, -0.2, 0.9], ""sigma2"": 0.5}, {""parameters"": [-0.5, 0.4, 1.4, -0.3], ""sigma2"": 1.5}, {""parameters"": [0.2, -0.3, -0.4, 1.5], ""sigma2"": 2.5}, {""parameters"": [-0.7, 0.4, 1.4, -0.1], ""sigma2"": 3.5}]"
nonlinear_nonlinear3_star2_abrupt_08.csv,nonlinear,nonlinear3_star2,star2,abrupt,12000,3000,"[3000, 6000, 9000]",0,"[{""parameters"": [-0.5, 0.8, -0.2, 0.9], ""sigma2"": 0.5}, {""parameters"": [-0.5, 0.4, 1.4, -0.3], ""sigma2"": 1.5}, {""parameters"": [0.2, -0.3, -0.4, 1.5], ""sigma2"": 2.5}, {""parameters"": [-0.7, 0.4, 1.4, -0.1], ""sigma2"": 3.5}]"
nonlinear_nonlinear3_star2_abrupt_09.csv,nonlinear,nonlinear3_star2,star2,abrupt,12000,3000,"[3000, 6000, 9000]",0,"[{""parameters"": [-0.5, 0.8, -0.2, 0.9], ""sigma2"": 0.5}, {""parameters"": [-0.5, 0.4, 1.4, -0.3], ""sigma2"": 1.5}, {""parameters"": [0.2, -0.3, -0.4, 1.5], ""sigma2"": 2.5}, {""parameters"": [-0.7, 0.4, 1.4, -0.1], ""sigma2"": 3.5}]"
nonlinear_nonlinear3_star2_abrupt_10.csv,nonlinear,nonlinear3_star2,star2,abrupt,12000,3000,"[3000, 6000, 9000]",0,"[{""parameters"": [-0.5, 0.8, -0.2, 0.9], ""sigma2"": 0.5}, {""parameters"": [-0.5, 0.4, 1.4, -0.3], ""sigma2"": 1.5}, {""parameters"": [0.2, -0.3, -0.4, 1.5], ""sigma2"": 2.5}, {""parameters"": [-0.7, 0.4, 1.4, -0.1], ""sigma2"": 3.5}]"
nonlinear_nonlinear3_star2_abrupt_11.csv,nonlinear,nonlinear3_star2,star2,abrupt,12000,3000,"[3000, 6000, 9000]",0,"[{""parameters"": [-0.5, 0.8, -0.2, 0.9], ""sigma2"": 0.5}, {""parameters"": [-0.5, 0.4, 1.4, -0.3], ""sigma2"": 1.5}, {""parameters"": [0.2, -0.3, -0.4, 1.5], ""sigma2"": 2.5}, {""parameters"": [-0.7, 0.4, 1.4, -0.1], ""sigma2"": 3.5}]"
nonlinear_nonlinear3_star2_abrupt_12.csv,nonlinear,nonlinear3_star2,star2,abrupt,12000,3000,"[3000, 6000, 9000]",0,"[{""parameters"": [-0.5, 0.8, -0.2, 0.9], ""sigma2"": 0.5}, {""parameters"": [-0.5, 0.4, 1.4, -0.3], ""sigma2"": 1.5}, {""parameters"": [0.2, -0.3, -0.4, 1.5], ""sigma2"": 2.5}, {""parameters"": [-0.7, 0.4, 1.4, -0.1], ""sigma2"": 3.5}]"
nonlinear_nonlinear3_star2_abrupt_13.csv,nonlinear,nonlinear3_star2,star2,abrupt,12000,3000,"[3000, 6000, 9000]",0,"[{""parameters"": [-0.5, 0.8, -0.2, 0.9], ""sigma2"": 0.5}, {""parameters"": [-0.5, 0.4, 1.4, -0.3], ""sigma2"": 1.5}, {""parameters"": [0.2, -0.3, -0.4, 1.5], ""sigma2"": 2.5}, {""parameters"": [-0.7, 0.4, 1.4, -0.1], ""sigma2"": 3.5}]"
nonlinear_nonlinear3_star2_abrupt_14.csv,nonlinear,nonlinear3_star2,star2,abrupt,12000,3000,"[3000, 6000, 9000]",0,"[{""parameters"": [-0.5, 0.8, -0.2, 0.9], ""sigma2"": 0.5}, {""parameters"": [-0.5, 0.4, 1.4, -0.3], ""sigma2"": 1.5}, {""parameters"": [0.2, -0.3, -0.4, 1.5], ""sigma2"": 2.5}, {""parameters"": [-0.7, 0.4, 1.4, -0.1], ""sigma2"": 3.5}]"
nonlinear_nonlinear3_star2_abrupt_15.csv,nonlinear,nonlinear3_star2,star2,abrupt,12000,3000,"[3000, 6000, 9000]",0,"[{""parameters"": [-0.5, 0.8, -0.2, 0.9], ""sigma2"": 0.5}, {""parameters"": [-0.5, 0.4, 1.4, -0.3], ""sigma2"": 1.5}, {""parameters"": [0.2, -0.3, -0.4, 1.5], ""sigma2"": 2.5}, {""parameters"": [-0.7, 0.4, 1.4, -0.1], ""sigma2"": 3.5}]"
nonlinear_nonlinear3_star2_abrupt_16.csv,nonlinear,nonlinear3_star2,star2,abrupt,12000,3000,"[3000, 6000, 9000]",0,"[{""parameters"": [-0.5, 0.8, -0.2, 0.9], ""sigma2"": 0.5}, {""parameters"": [-0.5, 0.4, 1.4, -0.3], ""sigma2"": 1.5}, {""parameters"": [0.2, -0.3, -0.4, 1.5], ""sigma2"": 2.5}, {""parameters"": [-0.7, 0.4, 1.4, -0.1], ""sigma2"": 3.5}]"
nonlinear_nonlinear3_star2_abrupt_17.csv,nonlinear,nonlinear3_star2,star2,abrupt,12000,3000,"[3000, 6000, 9000]",0,"[{""parameters"": [-0.5, 0.8, -0.2, 0.9], ""sigma2"": 0.5}, {""parameters"": [-0.5, 0.4, 1.4, -0.3], ""sigma2"": 1.5}, {""parameters"": [0.2, -0.3, -0.4, 1.5], ""sigma2"": 2.5}, {""parameters"": [-0.7, 0.4, 1.4, -0.1], ""sigma2"": 3.5}]"
nonlinear_nonlinear3_star2_abrupt_18.csv,nonlinear,nonlinear3_star2,star2,abrupt,12000,3000,"[3000, 6000, 9000]",0,"[{""parameters"": [-0.5, 0.8, -0.2, 0.9], ""sigma2"": 0.5}, {""parameters"": [-0.5, 0.4, 1.4, -0.3], ""sigma2"": 1.5}, {""parameters"": [0.2, -0.3, -0.4, 1.5], ""sigma2"": 2.5}, {""parameters"": [-0.7, 0.4, 1.4, -0.1], ""sigma2"": 3.5}]"
nonlinear_nonlinear3_star2_abrupt_19.csv,nonlinear,nonlinear3_star2,star2,abrupt,12000,3000,"[3000, 6000, 9000]",0,"[{""parameters"": [-0.5, 0.8, -0.2, 0.9], ""sigma2"": 0.5}, {""parameters"": [-0.5, 0.4, 1.4, -0.3], ""sigma2"": 1.5}, {""parameters"": [0.2, -0.3, -0.4, 1.5], ""sigma2"": 2.5}, {""parameters"": [-0.7, 0.4, 1.4, -0.1], ""sigma2"": 3.5}]"
nonlinear_nonlinear3_star2_abrupt_20.csv,nonlinear,nonlinear3_star2,star2,abrupt,12000,3000,"[3000, 6000, 9000]",0,"[{""parameters"": [-0.5, 0.8, -0.2, 0.9], ""sigma2"": 0.5}, {""parameters"": [-0.5, 0.4, 1.4, -0.3], ""sigma2"": 1.5}, {""parameters"": [0.2, -0.3, -0.4, 1.5], ""sigma2"": 2.5}, {""parameters"": [-0.7, 0.4, 1.4, -0.1], ""sigma2"": 3.5}]"
nonlinear_nonlinear3_star2_gradual_01.csv,nonlinear,nonlinear3_star2,star2,gradual,12000,3000,"[3000, 6000, 9000]",300,"[{""parameters"": [-0.5, 0.8, -0.2, 0.9], ""sigma2"": 0.5}, {""parameters"": [-0.5, 0.4, 1.4, -0.3], ""sigma2"": 1.5}, {""parameters"": [0.2, -0.3, -0.4, 1.5], ""sigma2"": 2.5}, {""parameters"": [-0.7, 0.4, 1.4, -0.1], ""sigma2"": 3.5}]"
nonlinear_nonlinear3_star2_gradual_02.csv,nonlinear,nonlinear3_star2,star2,gradual,12000,3000,"[3000, 6000, 9000]",300,"[{""parameters"": [-0.5, 0.8, -0.2, 0.9], ""sigma2"": 0.5}, {""parameters"": [-0.5, 0.4, 1.4, -0.3], ""sigma2"": 1.5}, {""parameters"": [0.2, -0.3, -0.4, 1.5], ""sigma2"": 2.5}, {""parameters"": [-0.7, 0.4, 1.4, -0.1], ""sigma2"": 3.5}]"
nonlinear_nonlinear3_star2_gradual_03.csv,nonlinear,nonlinear3_star2,star2,gradual,12000,3000,"[3000, 6000, 9000]",300,"[{""parameters"": [-0.5, 0.8, -0.2, 0.9], ""sigma2"": 0.5}, {""parameters"": [-0.5, 0.4, 1.4, -0.3], ""sigma2"": 1.5}, {""parameters"": [0.2, -0.3, -0.4, 1.5], ""sigma2"": 2.5}, {""parameters"": [-0.7, 0.4, 1.4, -0.1], ""sigma2"": 3.5}]"
nonlinear_nonlinear3_star2_gradual_04.csv,nonlinear,nonlinear3_star2,star2,gradual,12000,3000,"[3000, 6000, 9000]",300,"[{""parameters"": [-0.5, 0.8, -0.2, 0.9], ""sigma2"": 0.5}, {""parameters"": [-0.5, 0.4, 1.4, -0.3], ""sigma2"": 1.5}, {""parameters"": [0.2, -0.3, -0.4, 1.5], ""sigma2"": 2.5}, {""parameters"": [-0.7, 0.4, 1.4, -0.1], ""sigma2"": 3.5}]"
nonlinear_nonlinear3_star2_gradual_05.csv,nonlinear,nonlinear3_star2,star2,gradual,12000,3000,"[3000, 6000, 9000]",300,"[{""parameters"": [-0.5, 0.8, -0.2, 0.9], ""sigma2"": 0.5}, {""parameters"": [-0.5, 0.4, 1.4, -0.3], ""sigma2"": 1.5}, {""parameters"": [0.2, -0.3, -0.4, 1.5], ""sigma2"": 2.5}, {""parameters"": [-0.7, 0.4, 1.4, -0.1], ""sigma2"": 3.5}]"
nonlinear_nonlinear3_star2_gradual_06.csv,nonlinear,nonlinear3_star2,star2,gradual,12000,3000,"[3000, 6000, 9000]",300,"[{""parameters"": [-0.5, 0.8, -0.2, 0.9], ""sigma2"": 0.5}, {""parameters"": [-0.5, 0.4, 1.4, -0.3], ""sigma2"": 1.5}, {""parameters"": [0.2, -0.3, -0.4, 1.5], ""sigma2"": 2.5}, {""parameters"": [-0.7, 0.4, 1.4, -0.1], ""sigma2"": 3.5}]"
nonlinear_nonlinear3_star2_gradual_07.csv,nonlinear,nonlinear3_star2,star2,gradual,12000,3000,"[3000, 6000, 9000]",300,"[{""parameters"": [-0.5, 0.8, -0.2, 0.9], ""sigma2"": 0.5}, {""parameters"": [-0.5, 0.4, 1.4, -0.3], ""sigma2"": 1.5}, {""parameters"": [0.2, -0.3, -0.4, 1.5], ""sigma2"": 2.5}, {""parameters"": [-0.7, 0.4, 1.4, -0.1], ""sigma2"": 3.5}]"
nonlinear_nonlinear3_star2_gradual_08.csv,nonlinear,nonlinear3_star2,star2,gradual,12000,3000,"[3000, 6000, 9000]",300,"[{""parameters"": [-0.5, 0.8, -0.2, 0.9], ""sigma2"": 0.5}, {""parameters"": [-0.5, 0.4, 1.4, -0.3], ""sigma2"": 1.5}, {""parameters"": [0.2, -0.3, -0.4, 1.5], ""sigma2"": 2.5}, {""parameters"": [-0.7, 0.4, 1.4, -0.1], ""sigma2"": 3.5}]"
nonlinear_nonlinear3_star2_gradual_09.csv,nonlinear,nonlinear3_star2,star2,gradual,12000,3000,"[3000, 6000, 9000]",300,"[{""parameters"": [-0.5, 0.8, -0.2, 0.9], ""sigma2"": 0.5}, {""parameters"": [-0.5, 0.4, 1.4, -0.3], ""sigma2"": 1.5}, {""parameters"": [0.2, -0.3, -0.4, 1.5], ""sigma2"": 2.5}, {""parameters"": [-0.7, 0.4, 1.4, -0.1], ""sigma2"": 3.5}]"
nonlinear_nonlinear3_star2_gradual_10.csv,nonlinear,nonlinear3_star2,star2,gradual,12000,3000,"[3000, 6000, 9000]",300,"[{""parameters"": [-0.5, 0.8, -0.2, 0.9], ""sigma2"": 0.5}, {""parameters"": [-0.5, 0.4, 1.4, -0.3], ""sigma2"": 1.5}, {""parameters"": [0.2, -0.3, -0.4, 1.5], ""sigma2"": 2.5}, {""parameters"": [-0.7, 0.4, 1.4, -0.1], ""sigma2"": 3.5}]"
nonlinear_nonlinear3_star2_gradual_11.csv,nonlinear,nonlinear3_star2,star2,gradual,12000,3000,"[3000, 6000, 9000]",300,"[{""parameters"": [-0.5, 0.8, -0.2, 0.9], ""sigma2"": 0.5}, {""parameters"": [-0.5, 0.4, 1.4, -0.3], ""sigma2"": 1.5}, {""parameters"": [0.2, -0.3, -0.4, 1.5], ""sigma2"": 2.5}, {""parameters"": [-0.7, 0.4, 1.4, -0.1], ""sigma2"": 3.5}]"
nonlinear_nonlinear3_star2_gradual_12.csv,nonlinear,nonlinear3_star2,star2,gradual,12000,3000,"[3000, 6000, 9000]",300,"[{""parameters"": [-0.5, 0.8, -0.2, 0.9], ""sigma2"": 0.5}, {""parameters"": [-0.5, 0.4, 1.4, -0.3], ""sigma2"": 1.5}, {""parameters"": [0.2, -0.3, -0.4, 1.5], ""sigma2"": 2.5}, {""parameters"": [-0.7, 0.4, 1.4, -0.1], ""sigma2"": 3.5}]"
nonlinear_nonlinear3_star2_gradual_13.csv,nonlinear,nonlinear3_star2,star2,gradual,12000,3000,"[3000, 6000, 9000]",300,"[{""parameters"": [-0.5, 0.8, -0.2, 0.9], ""sigma2"": 0.5}, {""parameters"": [-0.5, 0.4, 1.4, -0.3], ""sigma2"": 1.5}, {""parameters"": [0.2, -0.3, -0.4, 1.5], ""sigma2"": 2.5}, {""parameters"": [-0.7, 0.4, 1.4, -0.1], ""sigma2"": 3.5}]"
nonlinear_nonlinear3_star2_gradual_14.csv,nonlinear,nonlinear3_star2,star2,gradual,12000,3000,"[3000, 6000, 9000]",300,"[{""parameters"": [-0.5, 0.8, -0.2, 0.9], ""sigma2"": 0.5}, {""parameters"": [-0.5, 0.4, 1.4, -0.3], ""sigma2"": 1.5}, {""parameters"": [0.2, -0.3, -0.4, 1.5], ""sigma2"": 2.5}, {""parameters"": [-0.7, 0.4, 1.4, -0.1], ""sigma2"": 3.5}]"
nonlinear_nonlinear3_star2_gradual_15.csv,nonlinear,nonlinear3_star2,star2,gradual,12000,3000,"[3000, 6000, 9000]",300,"[{""parameters"": [-0.5, 0.8, -0.2, 0.9], ""sigma2"": 0.5}, {""parameters"": [-0.5, 0.4, 1.4, -0.3], ""sigma2"": 1.5}, {""parameters"": [0.2, -0.3, -0.4, 1.5], ""sigma2"": 2.5}, {""parameters"": [-0.7, 0.4, 1.4, -0.1], ""sigma2"": 3.5}]"
nonlinear_nonlinear3_star2_gradual_16.csv,nonlinear,nonlinear3_star2,star2,gradual,12000,3000,"[3000, 6000, 9000]",300,"[{""parameters"": [-0.5, 0.8, -0.2, 0.9], ""sigma2"": 0.5}, {""parameters"": [-0.5, 0.4, 1.4, -0.3], ""sigma2"": 1.5}, {""parameters"": [0.2, -0.3, -0.4, 1.5], ""sigma2"": 2.5}, {""parameters"": [-0.7, 0.4, 1.4, -0.1], ""sigma2"": 3.5}]"
nonlinear_nonlinear3_star2_gradual_17.csv,nonlinear,nonlinear3_star2,star2,gradual,12000,3000,"[3000, 6000, 9000]",300,"[{""parameters"": [-0.5, 0.8, -0.2, 0.9], ""sigma2"": 0.5}, {""parameters"": [-0.5, 0.4, 1.4, -0.3], ""sigma2"": 1.5}, {""parameters"": [0.2, -0.3, -0.4, 1.5], ""sigma2"": 2.5}, {""parameters"": [-0.7, 0.4, 1.4, -0.1], ""sigma2"": 3.5}]"
nonlinear_nonlinear3_star2_gradual_18.csv,nonlinear,nonlinear3_star2,star2,gradual,12000,3000,"[3000, 6000, 9000]",300,"[{""parameters"": [-0.5, 0.8, -0.2, 0.9], ""sigma2"": 0.5}, {""parameters"": [-0.5, 0.4, 1.4, -0.3], ""sigma2"": 1.5}, {""parameters"": [0.2, -0.3, -0.4, 1.5], ""sigma2"": 2.5}, {""parameters"": [-0.7, 0.4, 1.4, -0.1], ""sigma2"": 3.5}]"
nonlinear_nonlinear3_star2_gradual_19.csv,nonlinear,nonlinear3_star2,star2,gradual,12000,3000,"[3000, 6000, 9000]",300,"[{""parameters"": [-0.5, 0.8, -0.2, 0.9], ""sigma2"": 0.5}, {""parameters"": [-0.5, 0.4, 1.4, -0.3], ""sigma2"": 1.5}, {""parameters"": [0.2, -0.3, -0.4, 1.5], ""sigma2"": 2.5}, {""parameters"": [-0.7, 0.4, 1.4, -0.1], ""sigma2"": 3.5}]"
nonlinear_nonlinear3_star2_gradual_20.csv,nonlinear,nonlinear3_star2,star2,gradual,12000,3000,"[3000, 6000, 9000]",300,"[{""parameters"": [-0.5, 0.8, -0.2, 0.9], ""sigma2"": 0.5}, {""parameters"": [-0.5, 0.4, 1.4, -0.3], ""sigma2"": 1.5}, {""parameters"": [0.2, -0.3, -0.4, 1.5], ""sigma2"": 2.5}, {""parameters"": [-0.7, 0.4, 1.4, -0.1], ""sigma2"": 3.5}]"
